post_id,attachments,text,views,reposts
872747,"[{'type': 'video', 'video': {'response_type': 'full', 'access_key': '0ae0d25c70f62725d4', 'can_comment': 1, 'can_like': 1, 'can_repost': 1, 'can_subscribe': 1, 'can_add_to_faves': 1, 'can_add': 1, 'comments': 555, 'date': 1734052942, 'description': '', 'duration': 359, 'photo_130': 'https://i.mycdn.me/getVideoPreview?id=7756814289457&idx=3&type=39&tkn=jOPJPRuYwIi3hXsJFkRxC_tVw-8&fn=vid_s', 'photo_320': 'https://i.mycdn.me/getVideoPreview?id=7756814289457&idx=3&type=39&tkn=jOPJPRuYwIi3hXsJFkRxC_tVw-8&fn=vid_l', 'photo_800': 'https://i.mycdn.me/getVideoPreview?id=7756814289457&idx=3&type=39&tkn=jOPJPRuYwIi3hXsJFkRxC_tVw-8&fn=vid_x', 'photo_1280': 'https://i.mycdn.me/getVideoPreview?id=7756814289457&idx=3&type=39&tkn=jOPJPRuYwIi3hXsJFkRxC_tVw-8&fn=vid_w', 'first_frame_130': 'https://i.mycdn.me/getVideoPreview?id=7756814289457&idx=0&type=39&tkn=CaeHVhgzlXzgZJuA8HZBZ6NY1Mw&fn=vid_sm', 'first_frame_160': 'https://i.mycdn.me/getVideoPreview?id=7756814289457&idx=0&type=39&tkn=CaeHVhgzlXzgZJuA8HZBZ6NY1Mw&fn=vid_d', 'first_frame_320': 'https://i.mycdn.me/getVideoPreview?id=7756814289457&idx=0&type=39&tkn=CaeHVhgzlXzgZJuA8HZBZ6NY1Mw&fn=vid_md', 'first_frame_800': 'https://i.mycdn.me/getVideoPreview?id=7756814289457&idx=0&type=39&tkn=CaeHVhgzlXzgZJuA8HZBZ6NY1Mw&fn=vid_f', 'first_frame_1280': 'https://i.mycdn.me/getVideoPreview?id=7756814289457&idx=0&type=39&tkn=CaeHVhgzlXzgZJuA8HZBZ6NY1Mw&fn=vid_w', 'width': 1280, 'height': 720, 'id': 456241587, 'owner_id': -15845684, 'title': 'Видео от Вселенная Ведьмака | Netflix «The Witcher»', 'is_favorite': False, 'track_code': 'video_63194293QlhpPD5vweUdql_oWqAIieXJtVfnMOgtcJnOILhLbgh1fnI1PwjN5xmlX4BulT670fiAb9s0n0wc9c4wlXpbMEFLu_L0qAov1G2Utg', 'views': 43860, 'local_views': 43860, 'can_dislike': 1, 'should_stretch': False}, 'style': 'full', 'meta': {'info_enabled': False, 'layout': 'wide'}}]","«Увидимся на Пути» — трейлер четвертой части «Ведьмака»! 
 
Это начало новой саги с Цири в качестве главной героини, которая отправляется в свой собственный путь, чтобы стать профессиональной истребительницей монстров. На первый взгляд трейлер вызывает кучу вопросов: 
 
Кто основатель школы Рыси? 
Почему Цири «стала ведьмаком» только после эликсира? 
Где её собственные магические силы и почему она использует знаки? 

И куча-куча-куча других. Игра выйдет примерно в 2027-м году, если не произойдет ничего экстраординарного. Поэтому время пофантазировать достаточно.

#TheWitcher4 #Ведьмак4 #CDPR #Новости@the_universe_of_the_witcher",{'count': 43200},"{'count': 2020, 'user_reposted': 0}"
875027,"[{'type': 'photo', 'photo': {'album_id': -7, 'date': 1733850880, 'id': 457292990, 'owner_id': -15845684, 'access_key': '97ef7cd916b6b509e9', 'sizes': [{'height': 36, 'type': 's', 'width': 75, 'url': 'https://sun9-21.userapi.com/s/v1/ig2/ijGop7Uip3eT4wtOAHftKxMLWqyblVQ8bffZ6PM-blIWUtZjJ9FX5s-bjNEdnElpySF_EjpngHQBHjXreRutU1rx.jpg?quality=95&as=32x16,48x23,72x35,108x52,160x78,240x116,360x175,480x233,540x262,640x310,720x349,1080x524,1280x621,1440x699,2560x1242&from=bu&u=k5fUje4Tc4It45trlaOHnVyp2mjFfBpOCU9pVZnipgw&cs=75x36'}, {'height': 63, 'type': 'm', 'width': 130, 'url': 'https://sun9-21.userapi.com/s/v1/ig2/ijGop7Uip3eT4wtOAHftKxMLWqyblVQ8bffZ6PM-blIWUtZjJ9FX5s-bjNEdnElpySF_EjpngHQBHjXreRutU1rx.jpg?quality=95&as=32x16,48x23,72x35,108x52,160x78,240x116,360x175,480x233,540x262,640x310,720x349,1080x524,1280x621,1440x699,2560x1242&from=bu&u=k5fUje4Tc4It45trlaOHnVyp2mjFfBpOCU9pVZnipgw&cs=130x63'}, {'height': 293, 'type': 'x', 'width': 604, 'url': 'https://sun9-21.userapi.com/s/v1/ig2/ijGop7Uip3eT4wtOAHftKxMLWqyblVQ8bffZ6PM-blIWUtZjJ9FX5s-bjNEdnElpySF_EjpngHQBHjXreRutU1rx.jpg?quality=95&as=32x16,48x23,72x35,108x52,160x78,240x116,360x175,480x233,540x262,640x310,720x349,1080x524,1280x621,1440x699,2560x1242&from=bu&u=k5fUje4Tc4It45trlaOHnVyp2mjFfBpOCU9pVZnipgw&cs=604x293'}, {'height': 392, 'type': 'y', 'width': 807, 'url': 'https://sun9-21.userapi.com/s/v1/ig2/ijGop7Uip3eT4wtOAHftKxMLWqyblVQ8bffZ6PM-blIWUtZjJ9FX5s-bjNEdnElpySF_EjpngHQBHjXreRutU1rx.jpg?quality=95&as=32x16,48x23,72x35,108x52,160x78,240x116,360x175,480x233,540x262,640x310,720x349,1080x524,1280x621,1440x699,2560x1242&from=bu&u=k5fUje4Tc4It45trlaOHnVyp2mjFfBpOCU9pVZnipgw&cs=807x392'}, {'height': 621, 'type': 'z', 'width': 1280, 'url': 'https://sun9-21.userapi.com/s/v1/ig2/ijGop7Uip3eT4wtOAHftKxMLWqyblVQ8bffZ6PM-blIWUtZjJ9FX5s-bjNEdnElpySF_EjpngHQBHjXreRutU1rx.jpg?quality=95&as=32x16,48x23,72x35,108x52,160x78,240x116,360x175,480x233,540x262,640x310,720x349,1080x524,1280x621,1440x699,2560x1242&from=bu&u=k5fUje4Tc4It45trlaOHnVyp2mjFfBpOCU9pVZnipgw&cs=1280x621'}, {'height': 1242, 'type': 'w', 'width': 2560, 'url': 'https://sun9-21.userapi.com/s/v1/ig2/ijGop7Uip3eT4wtOAHftKxMLWqyblVQ8bffZ6PM-blIWUtZjJ9FX5s-bjNEdnElpySF_EjpngHQBHjXreRutU1rx.jpg?quality=95&as=32x16,48x23,72x35,108x52,160x78,240x116,360x175,480x233,540x262,640x310,720x349,1080x524,1280x621,1440x699,2560x1242&from=bu&u=k5fUje4Tc4It45trlaOHnVyp2mjFfBpOCU9pVZnipgw&cs=2560x1242'}, {'height': 87, 'type': 'o', 'width': 130, 'url': 'https://sun9-21.userapi.com/s/v1/ig2/ijGop7Uip3eT4wtOAHftKxMLWqyblVQ8bffZ6PM-blIWUtZjJ9FX5s-bjNEdnElpySF_EjpngHQBHjXreRutU1rx.jpg?quality=95&as=32x16,48x23,72x35,108x52,160x78,240x116,360x175,480x233,540x262,640x310,720x349,1080x524,1280x621,1440x699,2560x1242&from=bu&u=k5fUje4Tc4It45trlaOHnVyp2mjFfBpOCU9pVZnipgw&cs=130x87'}, {'height': 133, 'type': 'p', 'width': 200, 'url': 'https://sun9-21.userapi.com/s/v1/ig2/ijGop7Uip3eT4wtOAHftKxMLWqyblVQ8bffZ6PM-blIWUtZjJ9FX5s-bjNEdnElpySF_EjpngHQBHjXreRutU1rx.jpg?quality=95&as=32x16,48x23,72x35,108x52,160x78,240x116,360x175,480x233,540x262,640x310,720x349,1080x524,1280x621,1440x699,2560x1242&from=bu&u=k5fUje4Tc4It45trlaOHnVyp2mjFfBpOCU9pVZnipgw&cs=200x133'}, {'height': 213, 'type': 'q', 'width': 320, 'url': 'https://sun9-21.userapi.com/s/v1/ig2/ijGop7Uip3eT4wtOAHftKxMLWqyblVQ8bffZ6PM-blIWUtZjJ9FX5s-bjNEdnElpySF_EjpngHQBHjXreRutU1rx.jpg?quality=95&as=32x16,48x23,72x35,108x52,160x78,240x116,360x175,480x233,540x262,640x310,720x349,1080x524,1280x621,1440x699,2560x1242&from=bu&u=k5fUje4Tc4It45trlaOHnVyp2mjFfBpOCU9pVZnipgw&cs=320x213'}, {'height': 340, 'type': 'r', 'width': 510, 'url': 'https://sun9-21.userapi.com/s/v1/ig2/ijGop7Uip3eT4wtOAHftKxMLWqyblVQ8bffZ6PM-blIWUtZjJ9FX5s-bjNEdnElpySF_EjpngHQBHjXreRutU1rx.jpg?quality=95&as=32x16,48x23,72x35,108x52,160x78,240x116,360x175,480x233,540x262,640x310,720x349,1080x524,1280x621,1440x699,2560x1242&from=bu&u=k5fUje4Tc4It45trlaOHnVyp2mjFfBpOCU9pVZnipgw&cs=510x340'}], 'text': '', 'user_id': 100, 'web_view_token': '881aa46245dc905c09', 'orig_photo': {'height': 1242, 'type': 'base', 'url': 'https://sun9-21.userapi.com/s/v1/ig2/ijGop7Uip3eT4wtOAHftKxMLWqyblVQ8bffZ6PM-blIWUtZjJ9FX5s-bjNEdnElpySF_EjpngHQBHjXreRutU1rx.jpg?quality=95&as=32x16,48x23,72x35,108x52,160x78,240x116,360x175,480x233,540x262,640x310,720x349,1080x524,1280x621,1440x699,2560x1242&from=bu&u=k5fUje4Tc4It45trlaOHnVyp2mjFfBpOCU9pVZnipgw', 'width': 2560}}, 'style': 'full'}, {'type': 'photo', 'photo': {'album_id': -7, 'date': 1733850880, 'id': 457292991, 'owner_id': -15845684, 'access_key': '5f6d14b369f3970165', 'sizes': [{'height': 36, 'type': 's', 'width': 75, 'url': 'https://sun9-40.userapi.com/s/v1/ig2/C7EJySX4w_N4zZVMfupMQE8mJlBgVFHyBzFnNfHY04wzl1LWhPzUzyvWWdVfb2kJksD-43CPQVC9mfU4joWD0tGD.jpg?quality=95&as=32x16,48x23,72x35,108x53,160x78,240x117,360x175,480x233,540x263,640x311,720x350,1080x525,1280x622,1440x700,2560x1245&from=bu&u=rBMwjY8jWiY_GYOU2SY9WxLRKuLJYddWJtFLtdARCzk&cs=75x36'}, {'height': 63, 'type': 'm', 'width': 130, 'url': 'https://sun9-40.userapi.com/s/v1/ig2/C7EJySX4w_N4zZVMfupMQE8mJlBgVFHyBzFnNfHY04wzl1LWhPzUzyvWWdVfb2kJksD-43CPQVC9mfU4joWD0tGD.jpg?quality=95&as=32x16,48x23,72x35,108x53,160x78,240x117,360x175,480x233,540x263,640x311,720x350,1080x525,1280x622,1440x700,2560x1245&from=bu&u=rBMwjY8jWiY_GYOU2SY9WxLRKuLJYddWJtFLtdARCzk&cs=130x63'}, {'height': 294, 'type': 'x', 'width': 604, 'url': 'https://sun9-40.userapi.com/s/v1/ig2/C7EJySX4w_N4zZVMfupMQE8mJlBgVFHyBzFnNfHY04wzl1LWhPzUzyvWWdVfb2kJksD-43CPQVC9mfU4joWD0tGD.jpg?quality=95&as=32x16,48x23,72x35,108x53,160x78,240x117,360x175,480x233,540x263,640x311,720x350,1080x525,1280x622,1440x700,2560x1245&from=bu&u=rBMwjY8jWiY_GYOU2SY9WxLRKuLJYddWJtFLtdARCzk&cs=604x294'}, {'height': 392, 'type': 'y', 'width': 807, 'url': 'https://sun9-40.userapi.com/s/v1/ig2/C7EJySX4w_N4zZVMfupMQE8mJlBgVFHyBzFnNfHY04wzl1LWhPzUzyvWWdVfb2kJksD-43CPQVC9mfU4joWD0tGD.jpg?quality=95&as=32x16,48x23,72x35,108x53,160x78,240x117,360x175,480x233,540x263,640x311,720x350,1080x525,1280x622,1440x700,2560x1245&from=bu&u=rBMwjY8jWiY_GYOU2SY9WxLRKuLJYddWJtFLtdARCzk&cs=807x392'}, {'height': 622, 'type': 'z', 'width': 1280, 'url': 'https://sun9-40.userapi.com/s/v1/ig2/C7EJySX4w_N4zZVMfupMQE8mJlBgVFHyBzFnNfHY04wzl1LWhPzUzyvWWdVfb2kJksD-43CPQVC9mfU4joWD0tGD.jpg?quality=95&as=32x16,48x23,72x35,108x53,160x78,240x117,360x175,480x233,540x263,640x311,720x350,1080x525,1280x622,1440x700,2560x1245&from=bu&u=rBMwjY8jWiY_GYOU2SY9WxLRKuLJYddWJtFLtdARCzk&cs=1280x622'}, {'height': 1245, 'type': 'w', 'width': 2560, 'url': 'https://sun9-40.userapi.com/s/v1/ig2/C7EJySX4w_N4zZVMfupMQE8mJlBgVFHyBzFnNfHY04wzl1LWhPzUzyvWWdVfb2kJksD-43CPQVC9mfU4joWD0tGD.jpg?quality=95&as=32x16,48x23,72x35,108x53,160x78,240x117,360x175,480x233,540x263,640x311,720x350,1080x525,1280x622,1440x700,2560x1245&from=bu&u=rBMwjY8jWiY_GYOU2SY9WxLRKuLJYddWJtFLtdARCzk&cs=2560x1245'}, {'height': 87, 'type': 'o', 'width': 130, 'url': 'https://sun9-40.userapi.com/s/v1/ig2/C7EJySX4w_N4zZVMfupMQE8mJlBgVFHyBzFnNfHY04wzl1LWhPzUzyvWWdVfb2kJksD-43CPQVC9mfU4joWD0tGD.jpg?quality=95&as=32x16,48x23,72x35,108x53,160x78,240x117,360x175,480x233,540x263,640x311,720x350,1080x525,1280x622,1440x700,2560x1245&from=bu&u=rBMwjY8jWiY_GYOU2SY9WxLRKuLJYddWJtFLtdARCzk&cs=130x87'}, {'height': 133, 'type': 'p', 'width': 200, 'url': 'https://sun9-40.userapi.com/s/v1/ig2/C7EJySX4w_N4zZVMfupMQE8mJlBgVFHyBzFnNfHY04wzl1LWhPzUzyvWWdVfb2kJksD-43CPQVC9mfU4joWD0tGD.jpg?quality=95&as=32x16,48x23,72x35,108x53,160x78,240x117,360x175,480x233,540x263,640x311,720x350,1080x525,1280x622,1440x700,2560x1245&from=bu&u=rBMwjY8jWiY_GYOU2SY9WxLRKuLJYddWJtFLtdARCzk&cs=200x133'}, {'height': 213, 'type': 'q', 'width': 320, 'url': 'https://sun9-40.userapi.com/s/v1/ig2/C7EJySX4w_N4zZVMfupMQE8mJlBgVFHyBzFnNfHY04wzl1LWhPzUzyvWWdVfb2kJksD-43CPQVC9mfU4joWD0tGD.jpg?quality=95&as=32x16,48x23,72x35,108x53,160x78,240x117,360x175,480x233,540x263,640x311,720x350,1080x525,1280x622,1440x700,2560x1245&from=bu&u=rBMwjY8jWiY_GYOU2SY9WxLRKuLJYddWJtFLtdARCzk&cs=320x213'}, {'height': 340, 'type': 'r', 'width': 510, 'url': 'https://sun9-40.userapi.com/s/v1/ig2/C7EJySX4w_N4zZVMfupMQE8mJlBgVFHyBzFnNfHY04wzl1LWhPzUzyvWWdVfb2kJksD-43CPQVC9mfU4joWD0tGD.jpg?quality=95&as=32x16,48x23,72x35,108x53,160x78,240x117,360x175,480x233,540x263,640x311,720x350,1080x525,1280x622,1440x700,2560x1245&from=bu&u=rBMwjY8jWiY_GYOU2SY9WxLRKuLJYddWJtFLtdARCzk&cs=510x340'}], 'text': '', 'user_id': 100, 'web_view_token': 'ef0d0eca45a1e5440c', 'orig_photo': {'height': 1245, 'type': 'base', 'url': 'https://sun9-40.userapi.com/s/v1/ig2/C7EJySX4w_N4zZVMfupMQE8mJlBgVFHyBzFnNfHY04wzl1LWhPzUzyvWWdVfb2kJksD-43CPQVC9mfU4joWD0tGD.jpg?quality=95&as=32x16,48x23,72x35,108x53,160x78,240x117,360x175,480x233,540x263,640x311,720x350,1080x525,1280x622,1440x700,2560x1245&from=bu&u=rBMwjY8jWiY_GYOU2SY9WxLRKuLJYddWJtFLtdARCzk', 'width': 2560}}, 'style': 'full'}, {'type': 'photo', 'photo': {'album_id': -7, 'date': 1733850880, 'id': 457292992, 'owner_id': -15845684, 'access_key': 'd9ea1262ebc7835445', 'sizes': [{'height': 33, 'type': 's', 'width': 75, 'url': 'https://sun9-17.userapi.com/s/v1/ig2/WVn8z5REwrNTdBrV1jY-Bnc7E-qKlfExrij0HCoSzdOtn0AG8A2al-r0VVYeE9DTHlDlfm3pa86DQ8X5h3XHG3Fw.jpg?quality=95&as=32x14,48x21,72x31,108x47,160x70,240x105,360x157,480x210,540x236,640x280,720x315,1080x472,1280x559,1440x629,2560x1119&from=bu&u=7atwuHY1NXgtreoZoCO_8Uu8WBb_eqhPoyVF1HFg7sM&cs=75x33'}, {'height': 57, 'type': 'm', 'width': 130, 'url': 'https://sun9-17.userapi.com/s/v1/ig2/WVn8z5REwrNTdBrV1jY-Bnc7E-qKlfExrij0HCoSzdOtn0AG8A2al-r0VVYeE9DTHlDlfm3pa86DQ8X5h3XHG3Fw.jpg?quality=95&as=32x14,48x21,72x31,108x47,160x70,240x105,360x157,480x210,540x236,640x280,720x315,1080x472,1280x559,1440x629,2560x1119&from=bu&u=7atwuHY1NXgtreoZoCO_8Uu8WBb_eqhPoyVF1HFg7sM&cs=130x57'}, {'height': 264, 'type': 'x', 'width': 604, 'url': 'https://sun9-17.userapi.com/s/v1/ig2/WVn8z5REwrNTdBrV1jY-Bnc7E-qKlfExrij0HCoSzdOtn0AG8A2al-r0VVYeE9DTHlDlfm3pa86DQ8X5h3XHG3Fw.jpg?quality=95&as=32x14,48x21,72x31,108x47,160x70,240x105,360x157,480x210,540x236,640x280,720x315,1080x472,1280x559,1440x629,2560x1119&from=bu&u=7atwuHY1NXgtreoZoCO_8Uu8WBb_eqhPoyVF1HFg7sM&cs=604x264'}, {'height': 353, 'type': 'y', 'width': 807, 'url': 'https://sun9-17.userapi.com/s/v1/ig2/WVn8z5REwrNTdBrV1jY-Bnc7E-qKlfExrij0HCoSzdOtn0AG8A2al-r0VVYeE9DTHlDlfm3pa86DQ8X5h3XHG3Fw.jpg?quality=95&as=32x14,48x21,72x31,108x47,160x70,240x105,360x157,480x210,540x236,640x280,720x315,1080x472,1280x559,1440x629,2560x1119&from=bu&u=7atwuHY1NXgtreoZoCO_8Uu8WBb_eqhPoyVF1HFg7sM&cs=807x353'}, {'height': 559, 'type': 'z', 'width': 1280, 'url': 'https://sun9-17.userapi.com/s/v1/ig2/WVn8z5REwrNTdBrV1jY-Bnc7E-qKlfExrij0HCoSzdOtn0AG8A2al-r0VVYeE9DTHlDlfm3pa86DQ8X5h3XHG3Fw.jpg?quality=95&as=32x14,48x21,72x31,108x47,160x70,240x105,360x157,480x210,540x236,640x280,720x315,1080x472,1280x559,1440x629,2560x1119&from=bu&u=7atwuHY1NXgtreoZoCO_8Uu8WBb_eqhPoyVF1HFg7sM&cs=1280x559'}, {'height': 1119, 'type': 'w', 'width': 2560, 'url': 'https://sun9-17.userapi.com/s/v1/ig2/WVn8z5REwrNTdBrV1jY-Bnc7E-qKlfExrij0HCoSzdOtn0AG8A2al-r0VVYeE9DTHlDlfm3pa86DQ8X5h3XHG3Fw.jpg?quality=95&as=32x14,48x21,72x31,108x47,160x70,240x105,360x157,480x210,540x236,640x280,720x315,1080x472,1280x559,1440x629,2560x1119&from=bu&u=7atwuHY1NXgtreoZoCO_8Uu8WBb_eqhPoyVF1HFg7sM&cs=2560x1119'}, {'height': 87, 'type': 'o', 'width': 130, 'url': 'https://sun9-17.userapi.com/s/v1/ig2/WVn8z5REwrNTdBrV1jY-Bnc7E-qKlfExrij0HCoSzdOtn0AG8A2al-r0VVYeE9DTHlDlfm3pa86DQ8X5h3XHG3Fw.jpg?quality=95&as=32x14,48x21,72x31,108x47,160x70,240x105,360x157,480x210,540x236,640x280,720x315,1080x472,1280x559,1440x629,2560x1119&from=bu&u=7atwuHY1NXgtreoZoCO_8Uu8WBb_eqhPoyVF1HFg7sM&cs=130x87'}, {'height': 133, 'type': 'p', 'width': 200, 'url': 'https://sun9-17.userapi.com/s/v1/ig2/WVn8z5REwrNTdBrV1jY-Bnc7E-qKlfExrij0HCoSzdOtn0AG8A2al-r0VVYeE9DTHlDlfm3pa86DQ8X5h3XHG3Fw.jpg?quality=95&as=32x14,48x21,72x31,108x47,160x70,240x105,360x157,480x210,540x236,640x280,720x315,1080x472,1280x559,1440x629,2560x1119&from=bu&u=7atwuHY1NXgtreoZoCO_8Uu8WBb_eqhPoyVF1HFg7sM&cs=200x133'}, {'height': 213, 'type': 'q', 'width': 320, 'url': 'https://sun9-17.userapi.com/s/v1/ig2/WVn8z5REwrNTdBrV1jY-Bnc7E-qKlfExrij0HCoSzdOtn0AG8A2al-r0VVYeE9DTHlDlfm3pa86DQ8X5h3XHG3Fw.jpg?quality=95&as=32x14,48x21,72x31,108x47,160x70,240x105,360x157,480x210,540x236,640x280,720x315,1080x472,1280x559,1440x629,2560x1119&from=bu&u=7atwuHY1NXgtreoZoCO_8Uu8WBb_eqhPoyVF1HFg7sM&cs=320x213'}, {'height': 340, 'type': 'r', 'width': 510, 'url': 'https://sun9-17.userapi.com/s/v1/ig2/WVn8z5REwrNTdBrV1jY-Bnc7E-qKlfExrij0HCoSzdOtn0AG8A2al-r0VVYeE9DTHlDlfm3pa86DQ8X5h3XHG3Fw.jpg?quality=95&as=32x14,48x21,72x31,108x47,160x70,240x105,360x157,480x210,540x236,640x280,720x315,1080x472,1280x559,1440x629,2560x1119&from=bu&u=7atwuHY1NXgtreoZoCO_8Uu8WBb_eqhPoyVF1HFg7sM&cs=510x340'}], 'text': '', 'user_id': 100, 'web_view_token': 'df8bedb389f74f92b3', 'orig_photo': {'height': 1119, 'type': 'base', 'url': 'https://sun9-17.userapi.com/s/v1/ig2/WVn8z5REwrNTdBrV1jY-Bnc7E-qKlfExrij0HCoSzdOtn0AG8A2al-r0VVYeE9DTHlDlfm3pa86DQ8X5h3XHG3Fw.jpg?quality=95&as=32x14,48x21,72x31,108x47,160x70,240x105,360x157,480x210,540x236,640x280,720x315,1080x472,1280x559,1440x629,2560x1119&from=bu&u=7atwuHY1NXgtreoZoCO_8Uu8WBb_eqhPoyVF1HFg7sM', 'width': 2560}}, 'style': 'full'}, {'type': 'photo', 'photo': {'album_id': -7, 'date': 1733850880, 'id': 457292993, 'owner_id': -15845684, 'access_key': '0f6df27d7d62f24b09', 'sizes': [{'height': 36, 'type': 's', 'width': 75, 'url': 'https://sun9-22.userapi.com/s/v1/ig2/lSPYr8DD2e0dAubNofXfgDp-EfpYdMb_RfaTOkp_OpeELZyHX8VnbXnHbiOPV6hAszR1vjqYliJe2J084B7-f65e.jpg?quality=95&as=32x15,48x23,72x34,108x51,160x76,240x114,360x171,480x228,540x256,640x303,720x341,1080x512,1280x607,1440x683,2560x1214&from=bu&u=Fc-JQjw6hwG4uHCYJb5d4meAzCRNlgkOu1YPZRmiNuc&cs=75x36'}, {'height': 62, 'type': 'm', 'width': 130, 'url': 'https://sun9-22.userapi.com/s/v1/ig2/lSPYr8DD2e0dAubNofXfgDp-EfpYdMb_RfaTOkp_OpeELZyHX8VnbXnHbiOPV6hAszR1vjqYliJe2J084B7-f65e.jpg?quality=95&as=32x15,48x23,72x34,108x51,160x76,240x114,360x171,480x228,540x256,640x303,720x341,1080x512,1280x607,1440x683,2560x1214&from=bu&u=Fc-JQjw6hwG4uHCYJb5d4meAzCRNlgkOu1YPZRmiNuc&cs=130x62'}, {'height': 286, 'type': 'x', 'width': 604, 'url': 'https://sun9-22.userapi.com/s/v1/ig2/lSPYr8DD2e0dAubNofXfgDp-EfpYdMb_RfaTOkp_OpeELZyHX8VnbXnHbiOPV6hAszR1vjqYliJe2J084B7-f65e.jpg?quality=95&as=32x15,48x23,72x34,108x51,160x76,240x114,360x171,480x228,540x256,640x303,720x341,1080x512,1280x607,1440x683,2560x1214&from=bu&u=Fc-JQjw6hwG4uHCYJb5d4meAzCRNlgkOu1YPZRmiNuc&cs=604x286'}, {'height': 383, 'type': 'y', 'width': 807, 'url': 'https://sun9-22.userapi.com/s/v1/ig2/lSPYr8DD2e0dAubNofXfgDp-EfpYdMb_RfaTOkp_OpeELZyHX8VnbXnHbiOPV6hAszR1vjqYliJe2J084B7-f65e.jpg?quality=95&as=32x15,48x23,72x34,108x51,160x76,240x114,360x171,480x228,540x256,640x303,720x341,1080x512,1280x607,1440x683,2560x1214&from=bu&u=Fc-JQjw6hwG4uHCYJb5d4meAzCRNlgkOu1YPZRmiNuc&cs=807x383'}, {'height': 607, 'type': 'z', 'width': 1280, 'url': 'https://sun9-22.userapi.com/s/v1/ig2/lSPYr8DD2e0dAubNofXfgDp-EfpYdMb_RfaTOkp_OpeELZyHX8VnbXnHbiOPV6hAszR1vjqYliJe2J084B7-f65e.jpg?quality=95&as=32x15,48x23,72x34,108x51,160x76,240x114,360x171,480x228,540x256,640x303,720x341,1080x512,1280x607,1440x683,2560x1214&from=bu&u=Fc-JQjw6hwG4uHCYJb5d4meAzCRNlgkOu1YPZRmiNuc&cs=1280x607'}, {'height': 1214, 'type': 'w', 'width': 2560, 'url': 'https://sun9-22.userapi.com/s/v1/ig2/lSPYr8DD2e0dAubNofXfgDp-EfpYdMb_RfaTOkp_OpeELZyHX8VnbXnHbiOPV6hAszR1vjqYliJe2J084B7-f65e.jpg?quality=95&as=32x15,48x23,72x34,108x51,160x76,240x114,360x171,480x228,540x256,640x303,720x341,1080x512,1280x607,1440x683,2560x1214&from=bu&u=Fc-JQjw6hwG4uHCYJb5d4meAzCRNlgkOu1YPZRmiNuc&cs=2560x1214'}, {'height': 87, 'type': 'o', 'width': 130, 'url': 'https://sun9-22.userapi.com/s/v1/ig2/lSPYr8DD2e0dAubNofXfgDp-EfpYdMb_RfaTOkp_OpeELZyHX8VnbXnHbiOPV6hAszR1vjqYliJe2J084B7-f65e.jpg?quality=95&as=32x15,48x23,72x34,108x51,160x76,240x114,360x171,480x228,540x256,640x303,720x341,1080x512,1280x607,1440x683,2560x1214&from=bu&u=Fc-JQjw6hwG4uHCYJb5d4meAzCRNlgkOu1YPZRmiNuc&cs=130x87'}, {'height': 133, 'type': 'p', 'width': 200, 'url': 'https://sun9-22.userapi.com/s/v1/ig2/lSPYr8DD2e0dAubNofXfgDp-EfpYdMb_RfaTOkp_OpeELZyHX8VnbXnHbiOPV6hAszR1vjqYliJe2J084B7-f65e.jpg?quality=95&as=32x15,48x23,72x34,108x51,160x76,240x114,360x171,480x228,540x256,640x303,720x341,1080x512,1280x607,1440x683,2560x1214&from=bu&u=Fc-JQjw6hwG4uHCYJb5d4meAzCRNlgkOu1YPZRmiNuc&cs=200x133'}, {'height': 213, 'type': 'q', 'width': 320, 'url': 'https://sun9-22.userapi.com/s/v1/ig2/lSPYr8DD2e0dAubNofXfgDp-EfpYdMb_RfaTOkp_OpeELZyHX8VnbXnHbiOPV6hAszR1vjqYliJe2J084B7-f65e.jpg?quality=95&as=32x15,48x23,72x34,108x51,160x76,240x114,360x171,480x228,540x256,640x303,720x341,1080x512,1280x607,1440x683,2560x1214&from=bu&u=Fc-JQjw6hwG4uHCYJb5d4meAzCRNlgkOu1YPZRmiNuc&cs=320x213'}, {'height': 340, 'type': 'r', 'width': 510, 'url': 'https://sun9-22.userapi.com/s/v1/ig2/lSPYr8DD2e0dAubNofXfgDp-EfpYdMb_RfaTOkp_OpeELZyHX8VnbXnHbiOPV6hAszR1vjqYliJe2J084B7-f65e.jpg?quality=95&as=32x15,48x23,72x34,108x51,160x76,240x114,360x171,480x228,540x256,640x303,720x341,1080x512,1280x607,1440x683,2560x1214&from=bu&u=Fc-JQjw6hwG4uHCYJb5d4meAzCRNlgkOu1YPZRmiNuc&cs=510x340'}], 'text': '', 'user_id': 100, 'web_view_token': '7bff5f1d774a0363cb', 'orig_photo': {'height': 1214, 'type': 'base', 'url': 'https://sun9-22.userapi.com/s/v1/ig2/lSPYr8DD2e0dAubNofXfgDp-EfpYdMb_RfaTOkp_OpeELZyHX8VnbXnHbiOPV6hAszR1vjqYliJe2J084B7-f65e.jpg?quality=95&as=32x15,48x23,72x34,108x51,160x76,240x114,360x171,480x228,540x256,640x303,720x341,1080x512,1280x607,1440x683,2560x1214&from=bu&u=Fc-JQjw6hwG4uHCYJb5d4meAzCRNlgkOu1YPZRmiNuc', 'width': 2560}}, 'style': 'full'}]","И вот пришли холода. Снега ещё нет, но пробирает до костей от сырости, а солнце совсем не показывается. В такую погоду нет абсолютно никакого желания хотя бы выбраться из-под одеяла, не говоря уже о том, чтобы пойти куда-то и… действовать. Но долг зовёт, и взять себя в руки сейчас просто необходимо. В особенно ленивые моменты бытия нам нужно вспоминать, что ведьмакам зачастую приходилось гораздо хуже, ведь они порой даже не могли найти крыши для ночлега. И тем не менее никогда не отчаивались. 
 
А если этот аргумент не работает, то просто идите вперёд с мыслью о том, что сегодня среда. И уже вечером наступит время строить планы на выходные. Вы сможете с головой окунуться в веселье в какой-нибудь таверне в гулкой компании весёлых молодых людей или отдохнуть в спокойной обстановке с самыми любимыми. Выбирать, конечно же, только вам. 
 
Доброе утро, друзья!

#Ведьмак3 #TheWitcher3 #Скриншоты@the_universe_of_the_witcher",{'count': 5683},"{'count': 10, 'user_reposted': 0}"
874984,"[{'type': 'photo', 'photo': {'album_id': -7, 'date': 1734460657, 'id': 457293197, 'owner_id': -15845684, 'access_key': '80ffb4a1984112fcbc', 'sizes': [{'height': 50, 'type': 's', 'width': 75, 'url': 'https://sun9-56.userapi.com/s/v1/ig2/6bIRV1gQK0x8yLhUXxx3J_YoCq0gnJLRi7Ex8dgGDtWpc9dr9K6Wz_NN145PdsiQbD7qWDChIM847Aus0s9xscFl.jpg?quality=95&as=32x21,48x32,72x48,108x72,160x106,240x160,360x239,480x319,540x359,640x426,720x479,1080x718,1280x851,1440x958,2560x1703&from=bu&u=emSPwbm-pKD30Ct2iovtrc_keZifMrz_VaCoNbebwGA&cs=75x50'}, {'height': 86, 'type': 'm', 'width': 130, 'url': 'https://sun9-56.userapi.com/s/v1/ig2/6bIRV1gQK0x8yLhUXxx3J_YoCq0gnJLRi7Ex8dgGDtWpc9dr9K6Wz_NN145PdsiQbD7qWDChIM847Aus0s9xscFl.jpg?quality=95&as=32x21,48x32,72x48,108x72,160x106,240x160,360x239,480x319,540x359,640x426,720x479,1080x718,1280x851,1440x958,2560x1703&from=bu&u=emSPwbm-pKD30Ct2iovtrc_keZifMrz_VaCoNbebwGA&cs=130x86'}, {'height': 402, 'type': 'x', 'width': 604, 'url': 'https://sun9-56.userapi.com/s/v1/ig2/6bIRV1gQK0x8yLhUXxx3J_YoCq0gnJLRi7Ex8dgGDtWpc9dr9K6Wz_NN145PdsiQbD7qWDChIM847Aus0s9xscFl.jpg?quality=95&as=32x21,48x32,72x48,108x72,160x106,240x160,360x239,480x319,540x359,640x426,720x479,1080x718,1280x851,1440x958,2560x1703&from=bu&u=emSPwbm-pKD30Ct2iovtrc_keZifMrz_VaCoNbebwGA&cs=604x402'}, {'height': 537, 'type': 'y', 'width': 807, 'url': 'https://sun9-56.userapi.com/s/v1/ig2/6bIRV1gQK0x8yLhUXxx3J_YoCq0gnJLRi7Ex8dgGDtWpc9dr9K6Wz_NN145PdsiQbD7qWDChIM847Aus0s9xscFl.jpg?quality=95&as=32x21,48x32,72x48,108x72,160x106,240x160,360x239,480x319,540x359,640x426,720x479,1080x718,1280x851,1440x958,2560x1703&from=bu&u=emSPwbm-pKD30Ct2iovtrc_keZifMrz_VaCoNbebwGA&cs=807x537'}, {'height': 851, 'type': 'z', 'width': 1280, 'url': 'https://sun9-56.userapi.com/s/v1/ig2/6bIRV1gQK0x8yLhUXxx3J_YoCq0gnJLRi7Ex8dgGDtWpc9dr9K6Wz_NN145PdsiQbD7qWDChIM847Aus0s9xscFl.jpg?quality=95&as=32x21,48x32,72x48,108x72,160x106,240x160,360x239,480x319,540x359,640x426,720x479,1080x718,1280x851,1440x958,2560x1703&from=bu&u=emSPwbm-pKD30Ct2iovtrc_keZifMrz_VaCoNbebwGA&cs=1280x851'}, {'height': 1703, 'type': 'w', 'width': 2560, 'url': 'https://sun9-56.userapi.com/s/v1/ig2/6bIRV1gQK0x8yLhUXxx3J_YoCq0gnJLRi7Ex8dgGDtWpc9dr9K6Wz_NN145PdsiQbD7qWDChIM847Aus0s9xscFl.jpg?quality=95&as=32x21,48x32,72x48,108x72,160x106,240x160,360x239,480x319,540x359,640x426,720x479,1080x718,1280x851,1440x958,2560x1703&from=bu&u=emSPwbm-pKD30Ct2iovtrc_keZifMrz_VaCoNbebwGA&cs=2560x1703'}, {'height': 87, 'type': 'o', 'width': 130, 'url': 'https://sun9-56.userapi.com/s/v1/ig2/6bIRV1gQK0x8yLhUXxx3J_YoCq0gnJLRi7Ex8dgGDtWpc9dr9K6Wz_NN145PdsiQbD7qWDChIM847Aus0s9xscFl.jpg?quality=95&as=32x21,48x32,72x48,108x72,160x106,240x160,360x239,480x319,540x359,640x426,720x479,1080x718,1280x851,1440x958,2560x1703&from=bu&u=emSPwbm-pKD30Ct2iovtrc_keZifMrz_VaCoNbebwGA&cs=130x87'}, {'height': 133, 'type': 'p', 'width': 200, 'url': 'https://sun9-56.userapi.com/s/v1/ig2/6bIRV1gQK0x8yLhUXxx3J_YoCq0gnJLRi7Ex8dgGDtWpc9dr9K6Wz_NN145PdsiQbD7qWDChIM847Aus0s9xscFl.jpg?quality=95&as=32x21,48x32,72x48,108x72,160x106,240x160,360x239,480x319,540x359,640x426,720x479,1080x718,1280x851,1440x958,2560x1703&from=bu&u=emSPwbm-pKD30Ct2iovtrc_keZifMrz_VaCoNbebwGA&cs=200x133'}, {'height': 213, 'type': 'q', 'width': 320, 'url': 'https://sun9-56.userapi.com/s/v1/ig2/6bIRV1gQK0x8yLhUXxx3J_YoCq0gnJLRi7Ex8dgGDtWpc9dr9K6Wz_NN145PdsiQbD7qWDChIM847Aus0s9xscFl.jpg?quality=95&as=32x21,48x32,72x48,108x72,160x106,240x160,360x239,480x319,540x359,640x426,720x479,1080x718,1280x851,1440x958,2560x1703&from=bu&u=emSPwbm-pKD30Ct2iovtrc_keZifMrz_VaCoNbebwGA&cs=320x213'}, {'height': 340, 'type': 'r', 'width': 510, 'url': 'https://sun9-56.userapi.com/s/v1/ig2/6bIRV1gQK0x8yLhUXxx3J_YoCq0gnJLRi7Ex8dgGDtWpc9dr9K6Wz_NN145PdsiQbD7qWDChIM847Aus0s9xscFl.jpg?quality=95&as=32x21,48x32,72x48,108x72,160x106,240x160,360x239,480x319,540x359,640x426,720x479,1080x718,1280x851,1440x958,2560x1703&from=bu&u=emSPwbm-pKD30Ct2iovtrc_keZifMrz_VaCoNbebwGA&cs=510x340'}], 'text': '', 'user_id': 100, 'web_view_token': '99baaf18bb6f632a8a', 'orig_photo': {'height': 1703, 'type': 'base', 'url': 'https://sun9-56.userapi.com/s/v1/ig2/6bIRV1gQK0x8yLhUXxx3J_YoCq0gnJLRi7Ex8dgGDtWpc9dr9K6Wz_NN145PdsiQbD7qWDChIM847Aus0s9xscFl.jpg?quality=95&as=32x21,48x32,72x48,108x72,160x106,240x160,360x239,480x319,540x359,640x426,720x479,1080x718,1280x851,1440x958,2560x1703&from=bu&u=emSPwbm-pKD30Ct2iovtrc_keZifMrz_VaCoNbebwGA', 'width': 2560}}, 'style': 'full'}, {'type': 'photo', 'photo': {'album_id': -7, 'date': 1734460657, 'id': 457293198, 'owner_id': -15845684, 'access_key': 'c226c532f22345f845', 'sizes': [{'height': 50, 'type': 's', 'width': 75, 'url': 'https://sun9-13.userapi.com/s/v1/ig2/GfMHP0ASKk6EVESEjg4mmc-WhHX4b54HbJdLa-ZrfwwXS7ZdRVq4Gx4ryUSi1_WGDq7wtLVg3z9LP6oyDRKbnbwx.jpg?quality=95&as=32x21,48x32,72x48,108x72,160x106,240x160,360x239,480x319,540x359,640x426,720x479,1080x718,1280x851,1440x958,2560x1703&from=bu&u=WjpDXAahbstAFdq19MLRW8hMwYE2hsJPV8EOaja_exw&cs=75x50'}, {'height': 86, 'type': 'm', 'width': 130, 'url': 'https://sun9-13.userapi.com/s/v1/ig2/GfMHP0ASKk6EVESEjg4mmc-WhHX4b54HbJdLa-ZrfwwXS7ZdRVq4Gx4ryUSi1_WGDq7wtLVg3z9LP6oyDRKbnbwx.jpg?quality=95&as=32x21,48x32,72x48,108x72,160x106,240x160,360x239,480x319,540x359,640x426,720x479,1080x718,1280x851,1440x958,2560x1703&from=bu&u=WjpDXAahbstAFdq19MLRW8hMwYE2hsJPV8EOaja_exw&cs=130x86'}, {'height': 402, 'type': 'x', 'width': 604, 'url': 'https://sun9-13.userapi.com/s/v1/ig2/GfMHP0ASKk6EVESEjg4mmc-WhHX4b54HbJdLa-ZrfwwXS7ZdRVq4Gx4ryUSi1_WGDq7wtLVg3z9LP6oyDRKbnbwx.jpg?quality=95&as=32x21,48x32,72x48,108x72,160x106,240x160,360x239,480x319,540x359,640x426,720x479,1080x718,1280x851,1440x958,2560x1703&from=bu&u=WjpDXAahbstAFdq19MLRW8hMwYE2hsJPV8EOaja_exw&cs=604x402'}, {'height': 537, 'type': 'y', 'width': 807, 'url': 'https://sun9-13.userapi.com/s/v1/ig2/GfMHP0ASKk6EVESEjg4mmc-WhHX4b54HbJdLa-ZrfwwXS7ZdRVq4Gx4ryUSi1_WGDq7wtLVg3z9LP6oyDRKbnbwx.jpg?quality=95&as=32x21,48x32,72x48,108x72,160x106,240x160,360x239,480x319,540x359,640x426,720x479,1080x718,1280x851,1440x958,2560x1703&from=bu&u=WjpDXAahbstAFdq19MLRW8hMwYE2hsJPV8EOaja_exw&cs=807x537'}, {'height': 851, 'type': 'z', 'width': 1280, 'url': 'https://sun9-13.userapi.com/s/v1/ig2/GfMHP0ASKk6EVESEjg4mmc-WhHX4b54HbJdLa-ZrfwwXS7ZdRVq4Gx4ryUSi1_WGDq7wtLVg3z9LP6oyDRKbnbwx.jpg?quality=95&as=32x21,48x32,72x48,108x72,160x106,240x160,360x239,480x319,540x359,640x426,720x479,1080x718,1280x851,1440x958,2560x1703&from=bu&u=WjpDXAahbstAFdq19MLRW8hMwYE2hsJPV8EOaja_exw&cs=1280x851'}, {'height': 1703, 'type': 'w', 'width': 2560, 'url': 'https://sun9-13.userapi.com/s/v1/ig2/GfMHP0ASKk6EVESEjg4mmc-WhHX4b54HbJdLa-ZrfwwXS7ZdRVq4Gx4ryUSi1_WGDq7wtLVg3z9LP6oyDRKbnbwx.jpg?quality=95&as=32x21,48x32,72x48,108x72,160x106,240x160,360x239,480x319,540x359,640x426,720x479,1080x718,1280x851,1440x958,2560x1703&from=bu&u=WjpDXAahbstAFdq19MLRW8hMwYE2hsJPV8EOaja_exw&cs=2560x1703'}, {'height': 87, 'type': 'o', 'width': 130, 'url': 'https://sun9-13.userapi.com/s/v1/ig2/GfMHP0ASKk6EVESEjg4mmc-WhHX4b54HbJdLa-ZrfwwXS7ZdRVq4Gx4ryUSi1_WGDq7wtLVg3z9LP6oyDRKbnbwx.jpg?quality=95&as=32x21,48x32,72x48,108x72,160x106,240x160,360x239,480x319,540x359,640x426,720x479,1080x718,1280x851,1440x958,2560x1703&from=bu&u=WjpDXAahbstAFdq19MLRW8hMwYE2hsJPV8EOaja_exw&cs=130x87'}, {'height': 133, 'type': 'p', 'width': 200, 'url': 'https://sun9-13.userapi.com/s/v1/ig2/GfMHP0ASKk6EVESEjg4mmc-WhHX4b54HbJdLa-ZrfwwXS7ZdRVq4Gx4ryUSi1_WGDq7wtLVg3z9LP6oyDRKbnbwx.jpg?quality=95&as=32x21,48x32,72x48,108x72,160x106,240x160,360x239,480x319,540x359,640x426,720x479,1080x718,1280x851,1440x958,2560x1703&from=bu&u=WjpDXAahbstAFdq19MLRW8hMwYE2hsJPV8EOaja_exw&cs=200x133'}, {'height': 213, 'type': 'q', 'width': 320, 'url': 'https://sun9-13.userapi.com/s/v1/ig2/GfMHP0ASKk6EVESEjg4mmc-WhHX4b54HbJdLa-ZrfwwXS7ZdRVq4Gx4ryUSi1_WGDq7wtLVg3z9LP6oyDRKbnbwx.jpg?quality=95&as=32x21,48x32,72x48,108x72,160x106,240x160,360x239,480x319,540x359,640x426,720x479,1080x718,1280x851,1440x958,2560x1703&from=bu&u=WjpDXAahbstAFdq19MLRW8hMwYE2hsJPV8EOaja_exw&cs=320x213'}, {'height': 340, 'type': 'r', 'width': 510, 'url': 'https://sun9-13.userapi.com/s/v1/ig2/GfMHP0ASKk6EVESEjg4mmc-WhHX4b54HbJdLa-ZrfwwXS7ZdRVq4Gx4ryUSi1_WGDq7wtLVg3z9LP6oyDRKbnbwx.jpg?quality=95&as=32x21,48x32,72x48,108x72,160x106,240x160,360x239,480x319,540x359,640x426,720x479,1080x718,1280x851,1440x958,2560x1703&from=bu&u=WjpDXAahbstAFdq19MLRW8hMwYE2hsJPV8EOaja_exw&cs=510x340'}], 'text': '', 'user_id': 100, 'web_view_token': '7fe516b26bb1059672', 'orig_photo': {'height': 1703, 'type': 'base', 'url': 'https://sun9-13.userapi.com/s/v1/ig2/GfMHP0ASKk6EVESEjg4mmc-WhHX4b54HbJdLa-ZrfwwXS7ZdRVq4Gx4ryUSi1_WGDq7wtLVg3z9LP6oyDRKbnbwx.jpg?quality=95&as=32x21,48x32,72x48,108x72,160x106,240x160,360x239,480x319,540x359,640x426,720x479,1080x718,1280x851,1440x958,2560x1703&from=bu&u=WjpDXAahbstAFdq19MLRW8hMwYE2hsJPV8EOaja_exw', 'width': 2560}}, 'style': 'full'}, {'type': 'photo', 'photo': {'album_id': -7, 'date': 1734460657, 'id': 457293199, 'owner_id': -15845684, 'access_key': 'ff75e2f444c9d5224e', 'sizes': [{'height': 50, 'type': 's', 'width': 75, 'url': 'https://sun9-76.userapi.com/s/v1/ig2/6UbWYVqgGNiuCc6kAC99UiAoZcep0cyzDKGZTlX0_vh712xnzhKeyRxJbYZJ5FPLGBxYSdYQtZI9PdYqnCarEHjk.jpg?quality=95&as=32x21,48x32,72x48,108x72,160x106,240x160,360x239,480x319,540x359,640x426,720x479,1080x718,1280x851,1440x958,2560x1703&from=bu&u=mZjc7RGOtBSX-ULK67ca6tIwPLCoLIC49LjYyu1RECA&cs=75x50'}, {'height': 86, 'type': 'm', 'width': 130, 'url': 'https://sun9-76.userapi.com/s/v1/ig2/6UbWYVqgGNiuCc6kAC99UiAoZcep0cyzDKGZTlX0_vh712xnzhKeyRxJbYZJ5FPLGBxYSdYQtZI9PdYqnCarEHjk.jpg?quality=95&as=32x21,48x32,72x48,108x72,160x106,240x160,360x239,480x319,540x359,640x426,720x479,1080x718,1280x851,1440x958,2560x1703&from=bu&u=mZjc7RGOtBSX-ULK67ca6tIwPLCoLIC49LjYyu1RECA&cs=130x86'}, {'height': 402, 'type': 'x', 'width': 604, 'url': 'https://sun9-76.userapi.com/s/v1/ig2/6UbWYVqgGNiuCc6kAC99UiAoZcep0cyzDKGZTlX0_vh712xnzhKeyRxJbYZJ5FPLGBxYSdYQtZI9PdYqnCarEHjk.jpg?quality=95&as=32x21,48x32,72x48,108x72,160x106,240x160,360x239,480x319,540x359,640x426,720x479,1080x718,1280x851,1440x958,2560x1703&from=bu&u=mZjc7RGOtBSX-ULK67ca6tIwPLCoLIC49LjYyu1RECA&cs=604x402'}, {'height': 537, 'type': 'y', 'width': 807, 'url': 'https://sun9-76.userapi.com/s/v1/ig2/6UbWYVqgGNiuCc6kAC99UiAoZcep0cyzDKGZTlX0_vh712xnzhKeyRxJbYZJ5FPLGBxYSdYQtZI9PdYqnCarEHjk.jpg?quality=95&as=32x21,48x32,72x48,108x72,160x106,240x160,360x239,480x319,540x359,640x426,720x479,1080x718,1280x851,1440x958,2560x1703&from=bu&u=mZjc7RGOtBSX-ULK67ca6tIwPLCoLIC49LjYyu1RECA&cs=807x537'}, {'height': 851, 'type': 'z', 'width': 1280, 'url': 'https://sun9-76.userapi.com/s/v1/ig2/6UbWYVqgGNiuCc6kAC99UiAoZcep0cyzDKGZTlX0_vh712xnzhKeyRxJbYZJ5FPLGBxYSdYQtZI9PdYqnCarEHjk.jpg?quality=95&as=32x21,48x32,72x48,108x72,160x106,240x160,360x239,480x319,540x359,640x426,720x479,1080x718,1280x851,1440x958,2560x1703&from=bu&u=mZjc7RGOtBSX-ULK67ca6tIwPLCoLIC49LjYyu1RECA&cs=1280x851'}, {'height': 1703, 'type': 'w', 'width': 2560, 'url': 'https://sun9-76.userapi.com/s/v1/ig2/6UbWYVqgGNiuCc6kAC99UiAoZcep0cyzDKGZTlX0_vh712xnzhKeyRxJbYZJ5FPLGBxYSdYQtZI9PdYqnCarEHjk.jpg?quality=95&as=32x21,48x32,72x48,108x72,160x106,240x160,360x239,480x319,540x359,640x426,720x479,1080x718,1280x851,1440x958,2560x1703&from=bu&u=mZjc7RGOtBSX-ULK67ca6tIwPLCoLIC49LjYyu1RECA&cs=2560x1703'}, {'height': 87, 'type': 'o', 'width': 130, 'url': 'https://sun9-76.userapi.com/s/v1/ig2/6UbWYVqgGNiuCc6kAC99UiAoZcep0cyzDKGZTlX0_vh712xnzhKeyRxJbYZJ5FPLGBxYSdYQtZI9PdYqnCarEHjk.jpg?quality=95&as=32x21,48x32,72x48,108x72,160x106,240x160,360x239,480x319,540x359,640x426,720x479,1080x718,1280x851,1440x958,2560x1703&from=bu&u=mZjc7RGOtBSX-ULK67ca6tIwPLCoLIC49LjYyu1RECA&cs=130x87'}, {'height': 133, 'type': 'p', 'width': 200, 'url': 'https://sun9-76.userapi.com/s/v1/ig2/6UbWYVqgGNiuCc6kAC99UiAoZcep0cyzDKGZTlX0_vh712xnzhKeyRxJbYZJ5FPLGBxYSdYQtZI9PdYqnCarEHjk.jpg?quality=95&as=32x21,48x32,72x48,108x72,160x106,240x160,360x239,480x319,540x359,640x426,720x479,1080x718,1280x851,1440x958,2560x1703&from=bu&u=mZjc7RGOtBSX-ULK67ca6tIwPLCoLIC49LjYyu1RECA&cs=200x133'}, {'height': 213, 'type': 'q', 'width': 320, 'url': 'https://sun9-76.userapi.com/s/v1/ig2/6UbWYVqgGNiuCc6kAC99UiAoZcep0cyzDKGZTlX0_vh712xnzhKeyRxJbYZJ5FPLGBxYSdYQtZI9PdYqnCarEHjk.jpg?quality=95&as=32x21,48x32,72x48,108x72,160x106,240x160,360x239,480x319,540x359,640x426,720x479,1080x718,1280x851,1440x958,2560x1703&from=bu&u=mZjc7RGOtBSX-ULK67ca6tIwPLCoLIC49LjYyu1RECA&cs=320x213'}, {'height': 340, 'type': 'r', 'width': 510, 'url': 'https://sun9-76.userapi.com/s/v1/ig2/6UbWYVqgGNiuCc6kAC99UiAoZcep0cyzDKGZTlX0_vh712xnzhKeyRxJbYZJ5FPLGBxYSdYQtZI9PdYqnCarEHjk.jpg?quality=95&as=32x21,48x32,72x48,108x72,160x106,240x160,360x239,480x319,540x359,640x426,720x479,1080x718,1280x851,1440x958,2560x1703&from=bu&u=mZjc7RGOtBSX-ULK67ca6tIwPLCoLIC49LjYyu1RECA&cs=510x340'}], 'text': '', 'user_id': 100, 'web_view_token': '30ba4ab8fef2565720', 'orig_photo': {'height': 1703, 'type': 'base', 'url': 'https://sun9-76.userapi.com/s/v1/ig2/6UbWYVqgGNiuCc6kAC99UiAoZcep0cyzDKGZTlX0_vh712xnzhKeyRxJbYZJ5FPLGBxYSdYQtZI9PdYqnCarEHjk.jpg?quality=95&as=32x21,48x32,72x48,108x72,160x106,240x160,360x239,480x319,540x359,640x426,720x479,1080x718,1280x851,1440x958,2560x1703&from=bu&u=mZjc7RGOtBSX-ULK67ca6tIwPLCoLIC49LjYyu1RECA', 'width': 2560}}, 'style': 'full'}, {'type': 'photo', 'photo': {'album_id': -7, 'date': 1734460657, 'id': 457293200, 'owner_id': -15845684, 'access_key': 'fb960419cabaa01fab', 'sizes': [{'height': 50, 'type': 's', 'width': 75, 'url': 'https://sun9-79.userapi.com/s/v1/ig2/fOmfciQBR_FaVrpi3t9SvHGfoPgM1_9Dhs4x5AJoeTxQyomSyw3hhUcEZ704oasrWb3c04DKR-G569W6EofdeYJw.jpg?quality=95&as=32x21,48x32,72x48,108x72,160x106,240x160,360x239,480x319,540x359,640x426,720x479,1080x718,1280x851,1440x958,2560x1703&from=bu&u=WTbBMpFhYoJeuUS70I5lIZGfxjDPkFzV7sHLdrCyy2s&cs=75x50'}, {'height': 86, 'type': 'm', 'width': 130, 'url': 'https://sun9-79.userapi.com/s/v1/ig2/fOmfciQBR_FaVrpi3t9SvHGfoPgM1_9Dhs4x5AJoeTxQyomSyw3hhUcEZ704oasrWb3c04DKR-G569W6EofdeYJw.jpg?quality=95&as=32x21,48x32,72x48,108x72,160x106,240x160,360x239,480x319,540x359,640x426,720x479,1080x718,1280x851,1440x958,2560x1703&from=bu&u=WTbBMpFhYoJeuUS70I5lIZGfxjDPkFzV7sHLdrCyy2s&cs=130x86'}, {'height': 402, 'type': 'x', 'width': 604, 'url': 'https://sun9-79.userapi.com/s/v1/ig2/fOmfciQBR_FaVrpi3t9SvHGfoPgM1_9Dhs4x5AJoeTxQyomSyw3hhUcEZ704oasrWb3c04DKR-G569W6EofdeYJw.jpg?quality=95&as=32x21,48x32,72x48,108x72,160x106,240x160,360x239,480x319,540x359,640x426,720x479,1080x718,1280x851,1440x958,2560x1703&from=bu&u=WTbBMpFhYoJeuUS70I5lIZGfxjDPkFzV7sHLdrCyy2s&cs=604x402'}, {'height': 537, 'type': 'y', 'width': 807, 'url': 'https://sun9-79.userapi.com/s/v1/ig2/fOmfciQBR_FaVrpi3t9SvHGfoPgM1_9Dhs4x5AJoeTxQyomSyw3hhUcEZ704oasrWb3c04DKR-G569W6EofdeYJw.jpg?quality=95&as=32x21,48x32,72x48,108x72,160x106,240x160,360x239,480x319,540x359,640x426,720x479,1080x718,1280x851,1440x958,2560x1703&from=bu&u=WTbBMpFhYoJeuUS70I5lIZGfxjDPkFzV7sHLdrCyy2s&cs=807x537'}, {'height': 851, 'type': 'z', 'width': 1280, 'url': 'https://sun9-79.userapi.com/s/v1/ig2/fOmfciQBR_FaVrpi3t9SvHGfoPgM1_9Dhs4x5AJoeTxQyomSyw3hhUcEZ704oasrWb3c04DKR-G569W6EofdeYJw.jpg?quality=95&as=32x21,48x32,72x48,108x72,160x106,240x160,360x239,480x319,540x359,640x426,720x479,1080x718,1280x851,1440x958,2560x1703&from=bu&u=WTbBMpFhYoJeuUS70I5lIZGfxjDPkFzV7sHLdrCyy2s&cs=1280x851'}, {'height': 1703, 'type': 'w', 'width': 2560, 'url': 'https://sun9-79.userapi.com/s/v1/ig2/fOmfciQBR_FaVrpi3t9SvHGfoPgM1_9Dhs4x5AJoeTxQyomSyw3hhUcEZ704oasrWb3c04DKR-G569W6EofdeYJw.jpg?quality=95&as=32x21,48x32,72x48,108x72,160x106,240x160,360x239,480x319,540x359,640x426,720x479,1080x718,1280x851,1440x958,2560x1703&from=bu&u=WTbBMpFhYoJeuUS70I5lIZGfxjDPkFzV7sHLdrCyy2s&cs=2560x1703'}, {'height': 87, 'type': 'o', 'width': 130, 'url': 'https://sun9-79.userapi.com/s/v1/ig2/fOmfciQBR_FaVrpi3t9SvHGfoPgM1_9Dhs4x5AJoeTxQyomSyw3hhUcEZ704oasrWb3c04DKR-G569W6EofdeYJw.jpg?quality=95&as=32x21,48x32,72x48,108x72,160x106,240x160,360x239,480x319,540x359,640x426,720x479,1080x718,1280x851,1440x958,2560x1703&from=bu&u=WTbBMpFhYoJeuUS70I5lIZGfxjDPkFzV7sHLdrCyy2s&cs=130x87'}, {'height': 133, 'type': 'p', 'width': 200, 'url': 'https://sun9-79.userapi.com/s/v1/ig2/fOmfciQBR_FaVrpi3t9SvHGfoPgM1_9Dhs4x5AJoeTxQyomSyw3hhUcEZ704oasrWb3c04DKR-G569W6EofdeYJw.jpg?quality=95&as=32x21,48x32,72x48,108x72,160x106,240x160,360x239,480x319,540x359,640x426,720x479,1080x718,1280x851,1440x958,2560x1703&from=bu&u=WTbBMpFhYoJeuUS70I5lIZGfxjDPkFzV7sHLdrCyy2s&cs=200x133'}, {'height': 213, 'type': 'q', 'width': 320, 'url': 'https://sun9-79.userapi.com/s/v1/ig2/fOmfciQBR_FaVrpi3t9SvHGfoPgM1_9Dhs4x5AJoeTxQyomSyw3hhUcEZ704oasrWb3c04DKR-G569W6EofdeYJw.jpg?quality=95&as=32x21,48x32,72x48,108x72,160x106,240x160,360x239,480x319,540x359,640x426,720x479,1080x718,1280x851,1440x958,2560x1703&from=bu&u=WTbBMpFhYoJeuUS70I5lIZGfxjDPkFzV7sHLdrCyy2s&cs=320x213'}, {'height': 340, 'type': 'r', 'width': 510, 'url': 'https://sun9-79.userapi.com/s/v1/ig2/fOmfciQBR_FaVrpi3t9SvHGfoPgM1_9Dhs4x5AJoeTxQyomSyw3hhUcEZ704oasrWb3c04DKR-G569W6EofdeYJw.jpg?quality=95&as=32x21,48x32,72x48,108x72,160x106,240x160,360x239,480x319,540x359,640x426,720x479,1080x718,1280x851,1440x958,2560x1703&from=bu&u=WTbBMpFhYoJeuUS70I5lIZGfxjDPkFzV7sHLdrCyy2s&cs=510x340'}], 'text': '', 'user_id': 100, 'web_view_token': 'de670ca3613378db2f', 'orig_photo': {'height': 1703, 'type': 'base', 'url': 'https://sun9-79.userapi.com/s/v1/ig2/fOmfciQBR_FaVrpi3t9SvHGfoPgM1_9Dhs4x5AJoeTxQyomSyw3hhUcEZ704oasrWb3c04DKR-G569W6EofdeYJw.jpg?quality=95&as=32x21,48x32,72x48,108x72,160x106,240x160,360x239,480x319,540x359,640x426,720x479,1080x718,1280x851,1440x958,2560x1703&from=bu&u=WTbBMpFhYoJeuUS70I5lIZGfxjDPkFzV7sHLdrCyy2s', 'width': 2560}}, 'style': 'full'}]","Со времен первого «Ведьмак» CDPR работает над трейлерами совместно со студией Platige. Ребята решили выложить фотографии с записи движений для первого трейлера четвертой части.

#TheWitcher4 #Ведьмак4 #CDPR #Новости@the_universe_of_the_witcher",{'count': 11408},"{'count': 16, 'user_reposted': 0}"
874971,"[{'type': 'photo', 'photo': {'album_id': -7, 'date': 1734454677, 'id': 457293193, 'owner_id': -15845684, 'access_key': '8c663e11f8cd0d64d2', 'sizes': [{'height': 75, 'type': 's', 'width': 51, 'url': 'https://sun9-13.userapi.com/s/v1/ig2/bN_36sWt9LgHsz9yI09mbaInVmVWYz7O_l-6WeDbEhgacf6dDh0hnsd970djPsvizVn8TfV697RkDds6yOksBeNo.jpg?quality=95&as=32x47,48x71,72x106,108x160,160x236,240x354,360x532,480x709&from=bu&u=IYaj2K1CEmmdiwzCXHhg26FUSMEojp_y0kgohU59tcQ&cs=51x75'}, {'height': 130, 'type': 'm', 'width': 88, 'url': 'https://sun9-13.userapi.com/s/v1/ig2/bN_36sWt9LgHsz9yI09mbaInVmVWYz7O_l-6WeDbEhgacf6dDh0hnsd970djPsvizVn8TfV697RkDds6yOksBeNo.jpg?quality=95&as=32x47,48x71,72x106,108x160,160x236,240x354,360x532,480x709&from=bu&u=IYaj2K1CEmmdiwzCXHhg26FUSMEojp_y0kgohU59tcQ&cs=88x130'}, {'height': 604, 'type': 'x', 'width': 409, 'url': 'https://sun9-13.userapi.com/s/v1/ig2/bN_36sWt9LgHsz9yI09mbaInVmVWYz7O_l-6WeDbEhgacf6dDh0hnsd970djPsvizVn8TfV697RkDds6yOksBeNo.jpg?quality=95&as=32x47,48x71,72x106,108x160,160x236,240x354,360x532,480x709&from=bu&u=IYaj2K1CEmmdiwzCXHhg26FUSMEojp_y0kgohU59tcQ&cs=409x604'}, {'height': 709, 'type': 'y', 'width': 480, 'url': 'https://sun9-13.userapi.com/s/v1/ig2/bN_36sWt9LgHsz9yI09mbaInVmVWYz7O_l-6WeDbEhgacf6dDh0hnsd970djPsvizVn8TfV697RkDds6yOksBeNo.jpg?quality=95&as=32x47,48x71,72x106,108x160,160x236,240x354,360x532,480x709&from=bu&u=IYaj2K1CEmmdiwzCXHhg26FUSMEojp_y0kgohU59tcQ&cs=480x709'}, {'height': 192, 'type': 'o', 'width': 130, 'url': 'https://sun9-13.userapi.com/s/v1/ig2/bN_36sWt9LgHsz9yI09mbaInVmVWYz7O_l-6WeDbEhgacf6dDh0hnsd970djPsvizVn8TfV697RkDds6yOksBeNo.jpg?quality=95&as=32x47,48x71,72x106,108x160,160x236,240x354,360x532,480x709&from=bu&u=IYaj2K1CEmmdiwzCXHhg26FUSMEojp_y0kgohU59tcQ&cs=130x192'}, {'height': 295, 'type': 'p', 'width': 200, 'url': 'https://sun9-13.userapi.com/s/v1/ig2/bN_36sWt9LgHsz9yI09mbaInVmVWYz7O_l-6WeDbEhgacf6dDh0hnsd970djPsvizVn8TfV697RkDds6yOksBeNo.jpg?quality=95&as=32x47,48x71,72x106,108x160,160x236,240x354,360x532,480x709&from=bu&u=IYaj2K1CEmmdiwzCXHhg26FUSMEojp_y0kgohU59tcQ&cs=200x295'}, {'height': 473, 'type': 'q', 'width': 320, 'url': 'https://sun9-13.userapi.com/s/v1/ig2/bN_36sWt9LgHsz9yI09mbaInVmVWYz7O_l-6WeDbEhgacf6dDh0hnsd970djPsvizVn8TfV697RkDds6yOksBeNo.jpg?quality=95&as=32x47,48x71,72x106,108x160,160x236,240x354,360x532,480x709&from=bu&u=IYaj2K1CEmmdiwzCXHhg26FUSMEojp_y0kgohU59tcQ&cs=320x473'}, {'height': 709, 'type': 'r', 'width': 480, 'url': 'https://sun9-13.userapi.com/s/v1/ig2/bN_36sWt9LgHsz9yI09mbaInVmVWYz7O_l-6WeDbEhgacf6dDh0hnsd970djPsvizVn8TfV697RkDds6yOksBeNo.jpg?quality=95&as=32x47,48x71,72x106,108x160,160x236,240x354,360x532,480x709&from=bu&u=IYaj2K1CEmmdiwzCXHhg26FUSMEojp_y0kgohU59tcQ&cs=480x709'}], 'text': '', 'user_id': 100, 'web_view_token': '7220025c476d676cb5', 'orig_photo': {'height': 709, 'type': 'base', 'url': 'https://sun9-13.userapi.com/s/v1/ig2/bN_36sWt9LgHsz9yI09mbaInVmVWYz7O_l-6WeDbEhgacf6dDh0hnsd970djPsvizVn8TfV697RkDds6yOksBeNo.jpg?quality=95&as=32x47,48x71,72x106,108x160,160x236,240x354,360x532,480x709&from=bu&u=IYaj2K1CEmmdiwzCXHhg26FUSMEojp_y0kgohU59tcQ', 'width': 480}}, 'style': 'full'}, {'type': 'photo', 'photo': {'album_id': -7, 'date': 1734454677, 'id': 457293194, 'owner_id': -15845684, 'access_key': '05ec4c6a7b9933006a', 'sizes': [{'height': 75, 'type': 's', 'width': 51, 'url': 'https://sun9-8.userapi.com/s/v1/ig2/oqVBEt8Chvq3SnktVkZyIE9P9Q1jjnufRatd5nT308s2rkWD-83nFnDUNKmvf4KG_Vg0CaNfwdHzr0iV8TlXoovj.jpg?quality=95&as=32x47,48x71,72x106,108x160,160x236,240x354,360x532,480x709&from=bu&u=hsaugA3Eyhh3g20vpDDbA9uFiC7Xa1EVSXbqAgFwtzo&cs=51x75'}, {'height': 130, 'type': 'm', 'width': 88, 'url': 'https://sun9-8.userapi.com/s/v1/ig2/oqVBEt8Chvq3SnktVkZyIE9P9Q1jjnufRatd5nT308s2rkWD-83nFnDUNKmvf4KG_Vg0CaNfwdHzr0iV8TlXoovj.jpg?quality=95&as=32x47,48x71,72x106,108x160,160x236,240x354,360x532,480x709&from=bu&u=hsaugA3Eyhh3g20vpDDbA9uFiC7Xa1EVSXbqAgFwtzo&cs=88x130'}, {'height': 604, 'type': 'x', 'width': 409, 'url': 'https://sun9-8.userapi.com/s/v1/ig2/oqVBEt8Chvq3SnktVkZyIE9P9Q1jjnufRatd5nT308s2rkWD-83nFnDUNKmvf4KG_Vg0CaNfwdHzr0iV8TlXoovj.jpg?quality=95&as=32x47,48x71,72x106,108x160,160x236,240x354,360x532,480x709&from=bu&u=hsaugA3Eyhh3g20vpDDbA9uFiC7Xa1EVSXbqAgFwtzo&cs=409x604'}, {'height': 709, 'type': 'y', 'width': 480, 'url': 'https://sun9-8.userapi.com/s/v1/ig2/oqVBEt8Chvq3SnktVkZyIE9P9Q1jjnufRatd5nT308s2rkWD-83nFnDUNKmvf4KG_Vg0CaNfwdHzr0iV8TlXoovj.jpg?quality=95&as=32x47,48x71,72x106,108x160,160x236,240x354,360x532,480x709&from=bu&u=hsaugA3Eyhh3g20vpDDbA9uFiC7Xa1EVSXbqAgFwtzo&cs=480x709'}, {'height': 192, 'type': 'o', 'width': 130, 'url': 'https://sun9-8.userapi.com/s/v1/ig2/oqVBEt8Chvq3SnktVkZyIE9P9Q1jjnufRatd5nT308s2rkWD-83nFnDUNKmvf4KG_Vg0CaNfwdHzr0iV8TlXoovj.jpg?quality=95&as=32x47,48x71,72x106,108x160,160x236,240x354,360x532,480x709&from=bu&u=hsaugA3Eyhh3g20vpDDbA9uFiC7Xa1EVSXbqAgFwtzo&cs=130x192'}, {'height': 295, 'type': 'p', 'width': 200, 'url': 'https://sun9-8.userapi.com/s/v1/ig2/oqVBEt8Chvq3SnktVkZyIE9P9Q1jjnufRatd5nT308s2rkWD-83nFnDUNKmvf4KG_Vg0CaNfwdHzr0iV8TlXoovj.jpg?quality=95&as=32x47,48x71,72x106,108x160,160x236,240x354,360x532,480x709&from=bu&u=hsaugA3Eyhh3g20vpDDbA9uFiC7Xa1EVSXbqAgFwtzo&cs=200x295'}, {'height': 473, 'type': 'q', 'width': 320, 'url': 'https://sun9-8.userapi.com/s/v1/ig2/oqVBEt8Chvq3SnktVkZyIE9P9Q1jjnufRatd5nT308s2rkWD-83nFnDUNKmvf4KG_Vg0CaNfwdHzr0iV8TlXoovj.jpg?quality=95&as=32x47,48x71,72x106,108x160,160x236,240x354,360x532,480x709&from=bu&u=hsaugA3Eyhh3g20vpDDbA9uFiC7Xa1EVSXbqAgFwtzo&cs=320x473'}, {'height': 709, 'type': 'r', 'width': 480, 'url': 'https://sun9-8.userapi.com/s/v1/ig2/oqVBEt8Chvq3SnktVkZyIE9P9Q1jjnufRatd5nT308s2rkWD-83nFnDUNKmvf4KG_Vg0CaNfwdHzr0iV8TlXoovj.jpg?quality=95&as=32x47,48x71,72x106,108x160,160x236,240x354,360x532,480x709&from=bu&u=hsaugA3Eyhh3g20vpDDbA9uFiC7Xa1EVSXbqAgFwtzo&cs=480x709'}], 'text': '', 'user_id': 100, 'web_view_token': '99dbc35f0c693c0e6f', 'orig_photo': {'height': 709, 'type': 'base', 'url': 'https://sun9-8.userapi.com/s/v1/ig2/oqVBEt8Chvq3SnktVkZyIE9P9Q1jjnufRatd5nT308s2rkWD-83nFnDUNKmvf4KG_Vg0CaNfwdHzr0iV8TlXoovj.jpg?quality=95&as=32x47,48x71,72x106,108x160,160x236,240x354,360x532,480x709&from=bu&u=hsaugA3Eyhh3g20vpDDbA9uFiC7Xa1EVSXbqAgFwtzo', 'width': 480}}, 'style': 'full'}, {'type': 'photo', 'photo': {'album_id': -7, 'date': 1734454677, 'id': 457293195, 'owner_id': -15845684, 'access_key': '38c6751744f5391e9c', 'sizes': [{'height': 75, 'type': 's', 'width': 51, 'url': 'https://sun9-5.userapi.com/s/v1/ig2/6ZtfOYrfEVRO2QbWCY3UzwFi6ow6nutpMrxIh4_Sq2SZsWIoDHZAqMn4GDmnLlq-jrEkI12KvZbGN4ZTEHNSkkXn.jpg?quality=95&as=32x47,48x71,72x106,108x160,160x236,240x354,360x532,480x709&from=bu&u=0_CBBN2QwibegQlJ1OYbhzotB0DdM1H6L50pyeFCA78&cs=51x75'}, {'height': 130, 'type': 'm', 'width': 88, 'url': 'https://sun9-5.userapi.com/s/v1/ig2/6ZtfOYrfEVRO2QbWCY3UzwFi6ow6nutpMrxIh4_Sq2SZsWIoDHZAqMn4GDmnLlq-jrEkI12KvZbGN4ZTEHNSkkXn.jpg?quality=95&as=32x47,48x71,72x106,108x160,160x236,240x354,360x532,480x709&from=bu&u=0_CBBN2QwibegQlJ1OYbhzotB0DdM1H6L50pyeFCA78&cs=88x130'}, {'height': 604, 'type': 'x', 'width': 409, 'url': 'https://sun9-5.userapi.com/s/v1/ig2/6ZtfOYrfEVRO2QbWCY3UzwFi6ow6nutpMrxIh4_Sq2SZsWIoDHZAqMn4GDmnLlq-jrEkI12KvZbGN4ZTEHNSkkXn.jpg?quality=95&as=32x47,48x71,72x106,108x160,160x236,240x354,360x532,480x709&from=bu&u=0_CBBN2QwibegQlJ1OYbhzotB0DdM1H6L50pyeFCA78&cs=409x604'}, {'height': 709, 'type': 'y', 'width': 480, 'url': 'https://sun9-5.userapi.com/s/v1/ig2/6ZtfOYrfEVRO2QbWCY3UzwFi6ow6nutpMrxIh4_Sq2SZsWIoDHZAqMn4GDmnLlq-jrEkI12KvZbGN4ZTEHNSkkXn.jpg?quality=95&as=32x47,48x71,72x106,108x160,160x236,240x354,360x532,480x709&from=bu&u=0_CBBN2QwibegQlJ1OYbhzotB0DdM1H6L50pyeFCA78&cs=480x709'}, {'height': 192, 'type': 'o', 'width': 130, 'url': 'https://sun9-5.userapi.com/s/v1/ig2/6ZtfOYrfEVRO2QbWCY3UzwFi6ow6nutpMrxIh4_Sq2SZsWIoDHZAqMn4GDmnLlq-jrEkI12KvZbGN4ZTEHNSkkXn.jpg?quality=95&as=32x47,48x71,72x106,108x160,160x236,240x354,360x532,480x709&from=bu&u=0_CBBN2QwibegQlJ1OYbhzotB0DdM1H6L50pyeFCA78&cs=130x192'}, {'height': 295, 'type': 'p', 'width': 200, 'url': 'https://sun9-5.userapi.com/s/v1/ig2/6ZtfOYrfEVRO2QbWCY3UzwFi6ow6nutpMrxIh4_Sq2SZsWIoDHZAqMn4GDmnLlq-jrEkI12KvZbGN4ZTEHNSkkXn.jpg?quality=95&as=32x47,48x71,72x106,108x160,160x236,240x354,360x532,480x709&from=bu&u=0_CBBN2QwibegQlJ1OYbhzotB0DdM1H6L50pyeFCA78&cs=200x295'}, {'height': 473, 'type': 'q', 'width': 320, 'url': 'https://sun9-5.userapi.com/s/v1/ig2/6ZtfOYrfEVRO2QbWCY3UzwFi6ow6nutpMrxIh4_Sq2SZsWIoDHZAqMn4GDmnLlq-jrEkI12KvZbGN4ZTEHNSkkXn.jpg?quality=95&as=32x47,48x71,72x106,108x160,160x236,240x354,360x532,480x709&from=bu&u=0_CBBN2QwibegQlJ1OYbhzotB0DdM1H6L50pyeFCA78&cs=320x473'}, {'height': 709, 'type': 'r', 'width': 480, 'url': 'https://sun9-5.userapi.com/s/v1/ig2/6ZtfOYrfEVRO2QbWCY3UzwFi6ow6nutpMrxIh4_Sq2SZsWIoDHZAqMn4GDmnLlq-jrEkI12KvZbGN4ZTEHNSkkXn.jpg?quality=95&as=32x47,48x71,72x106,108x160,160x236,240x354,360x532,480x709&from=bu&u=0_CBBN2QwibegQlJ1OYbhzotB0DdM1H6L50pyeFCA78&cs=480x709'}], 'text': '', 'user_id': 100, 'web_view_token': '4b24da9c5a7d20fc24', 'orig_photo': {'height': 709, 'type': 'base', 'url': 'https://sun9-5.userapi.com/s/v1/ig2/6ZtfOYrfEVRO2QbWCY3UzwFi6ow6nutpMrxIh4_Sq2SZsWIoDHZAqMn4GDmnLlq-jrEkI12KvZbGN4ZTEHNSkkXn.jpg?quality=95&as=32x47,48x71,72x106,108x160,160x236,240x354,360x532,480x709&from=bu&u=0_CBBN2QwibegQlJ1OYbhzotB0DdM1H6L50pyeFCA78', 'width': 480}}, 'style': 'full'}]",Йеннифэр на ВБ 🌲,{'count': 19553},"{'count': 38, 'user_reposted': 0}"
874948,"[{'type': 'photo', 'photo': {'album_id': -7, 'date': 1733848752, 'id': 457292985, 'owner_id': -15845684, 'access_key': '8aed07834e0d5cc72d', 'post_id': 872662, 'sizes': [{'height': 42, 'type': 's', 'width': 75, 'url': 'https://sun9-80.userapi.com/s/v1/ig2/ioSm8Zthm-J5PIWlXhu6lcOeZCkAnj3Kx3sxHFwjUCgMCGYyIbQe6sxcFEU0QvfmEwfawyzvAGGaF3Q1Q85Jty5t.jpg?quality=95&as=32x18,48x27,72x40,108x61,160x90,240x135,360x202,480x270,540x304,640x360,720x405,1080x607,1280x720,1440x810,1920x1080&from=bu&u=W3j7sRTERIhHxB_LVVrYpJtWfTv12WzhBAoL3SPN59c&cs=75x42'}, {'height': 73, 'type': 'm', 'width': 130, 'url': 'https://sun9-80.userapi.com/s/v1/ig2/ioSm8Zthm-J5PIWlXhu6lcOeZCkAnj3Kx3sxHFwjUCgMCGYyIbQe6sxcFEU0QvfmEwfawyzvAGGaF3Q1Q85Jty5t.jpg?quality=95&as=32x18,48x27,72x40,108x61,160x90,240x135,360x202,480x270,540x304,640x360,720x405,1080x607,1280x720,1440x810,1920x1080&from=bu&u=W3j7sRTERIhHxB_LVVrYpJtWfTv12WzhBAoL3SPN59c&cs=130x73'}, {'height': 340, 'type': 'x', 'width': 604, 'url': 'https://sun9-80.userapi.com/s/v1/ig2/ioSm8Zthm-J5PIWlXhu6lcOeZCkAnj3Kx3sxHFwjUCgMCGYyIbQe6sxcFEU0QvfmEwfawyzvAGGaF3Q1Q85Jty5t.jpg?quality=95&as=32x18,48x27,72x40,108x61,160x90,240x135,360x202,480x270,540x304,640x360,720x405,1080x607,1280x720,1440x810,1920x1080&from=bu&u=W3j7sRTERIhHxB_LVVrYpJtWfTv12WzhBAoL3SPN59c&cs=604x340'}, {'height': 454, 'type': 'y', 'width': 807, 'url': 'https://sun9-80.userapi.com/s/v1/ig2/ioSm8Zthm-J5PIWlXhu6lcOeZCkAnj3Kx3sxHFwjUCgMCGYyIbQe6sxcFEU0QvfmEwfawyzvAGGaF3Q1Q85Jty5t.jpg?quality=95&as=32x18,48x27,72x40,108x61,160x90,240x135,360x202,480x270,540x304,640x360,720x405,1080x607,1280x720,1440x810,1920x1080&from=bu&u=W3j7sRTERIhHxB_LVVrYpJtWfTv12WzhBAoL3SPN59c&cs=807x454'}, {'height': 720, 'type': 'z', 'width': 1280, 'url': 'https://sun9-80.userapi.com/s/v1/ig2/ioSm8Zthm-J5PIWlXhu6lcOeZCkAnj3Kx3sxHFwjUCgMCGYyIbQe6sxcFEU0QvfmEwfawyzvAGGaF3Q1Q85Jty5t.jpg?quality=95&as=32x18,48x27,72x40,108x61,160x90,240x135,360x202,480x270,540x304,640x360,720x405,1080x607,1280x720,1440x810,1920x1080&from=bu&u=W3j7sRTERIhHxB_LVVrYpJtWfTv12WzhBAoL3SPN59c&cs=1280x720'}, {'height': 1080, 'type': 'w', 'width': 1920, 'url': 'https://sun9-80.userapi.com/s/v1/ig2/ioSm8Zthm-J5PIWlXhu6lcOeZCkAnj3Kx3sxHFwjUCgMCGYyIbQe6sxcFEU0QvfmEwfawyzvAGGaF3Q1Q85Jty5t.jpg?quality=95&as=32x18,48x27,72x40,108x61,160x90,240x135,360x202,480x270,540x304,640x360,720x405,1080x607,1280x720,1440x810,1920x1080&from=bu&u=W3j7sRTERIhHxB_LVVrYpJtWfTv12WzhBAoL3SPN59c&cs=1920x1080'}, {'height': 87, 'type': 'o', 'width': 130, 'url': 'https://sun9-80.userapi.com/s/v1/ig2/ioSm8Zthm-J5PIWlXhu6lcOeZCkAnj3Kx3sxHFwjUCgMCGYyIbQe6sxcFEU0QvfmEwfawyzvAGGaF3Q1Q85Jty5t.jpg?quality=95&as=32x18,48x27,72x40,108x61,160x90,240x135,360x202,480x270,540x304,640x360,720x405,1080x607,1280x720,1440x810,1920x1080&from=bu&u=W3j7sRTERIhHxB_LVVrYpJtWfTv12WzhBAoL3SPN59c&cs=130x87'}, {'height': 133, 'type': 'p', 'width': 200, 'url': 'https://sun9-80.userapi.com/s/v1/ig2/ioSm8Zthm-J5PIWlXhu6lcOeZCkAnj3Kx3sxHFwjUCgMCGYyIbQe6sxcFEU0QvfmEwfawyzvAGGaF3Q1Q85Jty5t.jpg?quality=95&as=32x18,48x27,72x40,108x61,160x90,240x135,360x202,480x270,540x304,640x360,720x405,1080x607,1280x720,1440x810,1920x1080&from=bu&u=W3j7sRTERIhHxB_LVVrYpJtWfTv12WzhBAoL3SPN59c&cs=200x133'}, {'height': 213, 'type': 'q', 'width': 320, 'url': 'https://sun9-80.userapi.com/s/v1/ig2/ioSm8Zthm-J5PIWlXhu6lcOeZCkAnj3Kx3sxHFwjUCgMCGYyIbQe6sxcFEU0QvfmEwfawyzvAGGaF3Q1Q85Jty5t.jpg?quality=95&as=32x18,48x27,72x40,108x61,160x90,240x135,360x202,480x270,540x304,640x360,720x405,1080x607,1280x720,1440x810,1920x1080&from=bu&u=W3j7sRTERIhHxB_LVVrYpJtWfTv12WzhBAoL3SPN59c&cs=320x213'}, {'height': 340, 'type': 'r', 'width': 510, 'url': 'https://sun9-80.userapi.com/s/v1/ig2/ioSm8Zthm-J5PIWlXhu6lcOeZCkAnj3Kx3sxHFwjUCgMCGYyIbQe6sxcFEU0QvfmEwfawyzvAGGaF3Q1Q85Jty5t.jpg?quality=95&as=32x18,48x27,72x40,108x61,160x90,240x135,360x202,480x270,540x304,640x360,720x405,1080x607,1280x720,1440x810,1920x1080&from=bu&u=W3j7sRTERIhHxB_LVVrYpJtWfTv12WzhBAoL3SPN59c&cs=510x340'}], 'text': '', 'user_id': 100, 'web_view_token': 'b7b174d57fae8eaf52', 'orig_photo': {'height': 1080, 'type': 'base', 'url': 'https://sun9-80.userapi.com/s/v1/ig2/ioSm8Zthm-J5PIWlXhu6lcOeZCkAnj3Kx3sxHFwjUCgMCGYyIbQe6sxcFEU0QvfmEwfawyzvAGGaF3Q1Q85Jty5t.jpg?quality=95&as=32x18,48x27,72x40,108x61,160x90,240x135,360x202,480x270,540x304,640x360,720x405,1080x607,1280x720,1440x810,1920x1080&from=bu&u=W3j7sRTERIhHxB_LVVrYpJtWfTv12WzhBAoL3SPN59c', 'width': 1920}}, 'style': 'full'}]","Что ты знаешь о спасении Мира, дурачок? Ты же простой ведьмак. Это моя история, ни твоя. И позволь мне ее закончить. 
 
— «Ведьмак 3: Дикая охота», Цири перед финалом. 
 
#Ведьмак3 #TheWitcher3 #Арт@the_universe_of_the_witcher",{'count': 8060},"{'count': 5, 'user_reposted': 0}"
874899,"[{'type': 'photo', 'photo': {'album_id': -7, 'date': 1733850038, 'id': 457292989, 'owner_id': -15845684, 'access_key': '988b0efef08260c6c0', 'post_id': 872669, 'sizes': [{'height': 75, 'type': 's', 'width': 53, 'url': 'https://sun9-79.userapi.com/s/v1/ig2/BOtJTN0d0wYBP-xKo3XS40TJgos1P-UXQ3jO4vSp12Gypy6oak6NezJSjj4pF7B2KsN9oYsn8C_XWtw_5gmBKtHK.jpg?quality=95&as=32x45,48x68,72x102,108x153,160x226,240x339,360x509,480x679,540x763,640x905,720x1018,752x1063&from=bu&u=gI1biddYeZXtK-ZjSwTwbWc-1hzZgqpfkfxQq9eY9qM&cs=53x75'}, {'height': 130, 'type': 'm', 'width': 92, 'url': 'https://sun9-79.userapi.com/s/v1/ig2/BOtJTN0d0wYBP-xKo3XS40TJgos1P-UXQ3jO4vSp12Gypy6oak6NezJSjj4pF7B2KsN9oYsn8C_XWtw_5gmBKtHK.jpg?quality=95&as=32x45,48x68,72x102,108x153,160x226,240x339,360x509,480x679,540x763,640x905,720x1018,752x1063&from=bu&u=gI1biddYeZXtK-ZjSwTwbWc-1hzZgqpfkfxQq9eY9qM&cs=92x130'}, {'height': 604, 'type': 'x', 'width': 427, 'url': 'https://sun9-79.userapi.com/s/v1/ig2/BOtJTN0d0wYBP-xKo3XS40TJgos1P-UXQ3jO4vSp12Gypy6oak6NezJSjj4pF7B2KsN9oYsn8C_XWtw_5gmBKtHK.jpg?quality=95&as=32x45,48x68,72x102,108x153,160x226,240x339,360x509,480x679,540x763,640x905,720x1018,752x1063&from=bu&u=gI1biddYeZXtK-ZjSwTwbWc-1hzZgqpfkfxQq9eY9qM&cs=427x604'}, {'height': 807, 'type': 'y', 'width': 571, 'url': 'https://sun9-79.userapi.com/s/v1/ig2/BOtJTN0d0wYBP-xKo3XS40TJgos1P-UXQ3jO4vSp12Gypy6oak6NezJSjj4pF7B2KsN9oYsn8C_XWtw_5gmBKtHK.jpg?quality=95&as=32x45,48x68,72x102,108x153,160x226,240x339,360x509,480x679,540x763,640x905,720x1018,752x1063&from=bu&u=gI1biddYeZXtK-ZjSwTwbWc-1hzZgqpfkfxQq9eY9qM&cs=571x807'}, {'height': 1063, 'type': 'z', 'width': 752, 'url': 'https://sun9-79.userapi.com/s/v1/ig2/BOtJTN0d0wYBP-xKo3XS40TJgos1P-UXQ3jO4vSp12Gypy6oak6NezJSjj4pF7B2KsN9oYsn8C_XWtw_5gmBKtHK.jpg?quality=95&as=32x45,48x68,72x102,108x153,160x226,240x339,360x509,480x679,540x763,640x905,720x1018,752x1063&from=bu&u=gI1biddYeZXtK-ZjSwTwbWc-1hzZgqpfkfxQq9eY9qM&cs=752x1063'}, {'height': 184, 'type': 'o', 'width': 130, 'url': 'https://sun9-79.userapi.com/s/v1/ig2/BOtJTN0d0wYBP-xKo3XS40TJgos1P-UXQ3jO4vSp12Gypy6oak6NezJSjj4pF7B2KsN9oYsn8C_XWtw_5gmBKtHK.jpg?quality=95&as=32x45,48x68,72x102,108x153,160x226,240x339,360x509,480x679,540x763,640x905,720x1018,752x1063&from=bu&u=gI1biddYeZXtK-ZjSwTwbWc-1hzZgqpfkfxQq9eY9qM&cs=130x184'}, {'height': 283, 'type': 'p', 'width': 200, 'url': 'https://sun9-79.userapi.com/s/v1/ig2/BOtJTN0d0wYBP-xKo3XS40TJgos1P-UXQ3jO4vSp12Gypy6oak6NezJSjj4pF7B2KsN9oYsn8C_XWtw_5gmBKtHK.jpg?quality=95&as=32x45,48x68,72x102,108x153,160x226,240x339,360x509,480x679,540x763,640x905,720x1018,752x1063&from=bu&u=gI1biddYeZXtK-ZjSwTwbWc-1hzZgqpfkfxQq9eY9qM&cs=200x283'}, {'height': 452, 'type': 'q', 'width': 320, 'url': 'https://sun9-79.userapi.com/s/v1/ig2/BOtJTN0d0wYBP-xKo3XS40TJgos1P-UXQ3jO4vSp12Gypy6oak6NezJSjj4pF7B2KsN9oYsn8C_XWtw_5gmBKtHK.jpg?quality=95&as=32x45,48x68,72x102,108x153,160x226,240x339,360x509,480x679,540x763,640x905,720x1018,752x1063&from=bu&u=gI1biddYeZXtK-ZjSwTwbWc-1hzZgqpfkfxQq9eY9qM&cs=320x452'}, {'height': 721, 'type': 'r', 'width': 510, 'url': 'https://sun9-79.userapi.com/s/v1/ig2/BOtJTN0d0wYBP-xKo3XS40TJgos1P-UXQ3jO4vSp12Gypy6oak6NezJSjj4pF7B2KsN9oYsn8C_XWtw_5gmBKtHK.jpg?quality=95&as=32x45,48x68,72x102,108x153,160x226,240x339,360x509,480x679,540x763,640x905,720x1018,752x1063&from=bu&u=gI1biddYeZXtK-ZjSwTwbWc-1hzZgqpfkfxQq9eY9qM&cs=510x721'}], 'text': '', 'user_id': 100, 'web_view_token': '1ec51da9272ecc7882', 'orig_photo': {'height': 1063, 'type': 'base', 'url': 'https://sun9-79.userapi.com/s/v1/ig2/BOtJTN0d0wYBP-xKo3XS40TJgos1P-UXQ3jO4vSp12Gypy6oak6NezJSjj4pF7B2KsN9oYsn8C_XWtw_5gmBKtHK.jpg?quality=95&as=32x45,48x68,72x102,108x153,160x226,240x339,360x509,480x679,540x763,640x905,720x1018,752x1063&from=bu&u=gI1biddYeZXtK-ZjSwTwbWc-1hzZgqpfkfxQq9eY9qM', 'width': 752}}, 'style': 'full'}]","Какая чародейка «отличилась» больше других во второй части? Кажется, там нету однозначно приятных волшебниц. У каждого рыльце в пуху, каждому есть, что скрывать. 

#Ведьмак2 #TheWItcher2 #Новости@the_universe_of_the_witcher",{'count': 7717},"{'count': 3, 'user_reposted': 0}"
874855,"[{'type': 'photo', 'photo': {'album_id': 303759465, 'date': 1734368633, 'id': 457293182, 'owner_id': -15845684, 'access_key': '1aff354ce69a04acbf', 'sizes': [{'height': 75, 'type': 's', 'width': 53, 'url': 'https://sun9-13.userapi.com/s/v1/ig2/nZbvCoviRJ5DyfqUxm69rr2RJalREuLqVsa62zbcFyY5z_MlOAm_l7-fqLSTf31_8R3JhZwzFO5HUIqRDQavLspQ.jpg?quality=95&as=32x45,48x68,72x102,108x153,160x226,240x339,360x509,480x678,540x763,640x905,720x1018,849x1200&from=bu&u=jelkUt2DZ21OaJcSGeoz_r93mpoEHDMgjooCuvkahxI&cs=53x75'}, {'height': 130, 'type': 'm', 'width': 92, 'url': 'https://sun9-13.userapi.com/s/v1/ig2/nZbvCoviRJ5DyfqUxm69rr2RJalREuLqVsa62zbcFyY5z_MlOAm_l7-fqLSTf31_8R3JhZwzFO5HUIqRDQavLspQ.jpg?quality=95&as=32x45,48x68,72x102,108x153,160x226,240x339,360x509,480x678,540x763,640x905,720x1018,849x1200&from=bu&u=jelkUt2DZ21OaJcSGeoz_r93mpoEHDMgjooCuvkahxI&cs=92x130'}, {'height': 604, 'type': 'x', 'width': 427, 'url': 'https://sun9-13.userapi.com/s/v1/ig2/nZbvCoviRJ5DyfqUxm69rr2RJalREuLqVsa62zbcFyY5z_MlOAm_l7-fqLSTf31_8R3JhZwzFO5HUIqRDQavLspQ.jpg?quality=95&as=32x45,48x68,72x102,108x153,160x226,240x339,360x509,480x678,540x763,640x905,720x1018,849x1200&from=bu&u=jelkUt2DZ21OaJcSGeoz_r93mpoEHDMgjooCuvkahxI&cs=427x604'}, {'height': 807, 'type': 'y', 'width': 571, 'url': 'https://sun9-13.userapi.com/s/v1/ig2/nZbvCoviRJ5DyfqUxm69rr2RJalREuLqVsa62zbcFyY5z_MlOAm_l7-fqLSTf31_8R3JhZwzFO5HUIqRDQavLspQ.jpg?quality=95&as=32x45,48x68,72x102,108x153,160x226,240x339,360x509,480x678,540x763,640x905,720x1018,849x1200&from=bu&u=jelkUt2DZ21OaJcSGeoz_r93mpoEHDMgjooCuvkahxI&cs=571x807'}, {'height': 1080, 'type': 'z', 'width': 764, 'url': 'https://sun9-13.userapi.com/s/v1/ig2/nZbvCoviRJ5DyfqUxm69rr2RJalREuLqVsa62zbcFyY5z_MlOAm_l7-fqLSTf31_8R3JhZwzFO5HUIqRDQavLspQ.jpg?quality=95&as=32x45,48x68,72x102,108x153,160x226,240x339,360x509,480x678,540x763,640x905,720x1018,849x1200&from=bu&u=jelkUt2DZ21OaJcSGeoz_r93mpoEHDMgjooCuvkahxI&cs=764x1080'}, {'height': 1200, 'type': 'w', 'width': 849, 'url': 'https://sun9-13.userapi.com/s/v1/ig2/nZbvCoviRJ5DyfqUxm69rr2RJalREuLqVsa62zbcFyY5z_MlOAm_l7-fqLSTf31_8R3JhZwzFO5HUIqRDQavLspQ.jpg?quality=95&as=32x45,48x68,72x102,108x153,160x226,240x339,360x509,480x678,540x763,640x905,720x1018,849x1200&from=bu&u=jelkUt2DZ21OaJcSGeoz_r93mpoEHDMgjooCuvkahxI&cs=849x1200'}, {'height': 184, 'type': 'o', 'width': 130, 'url': 'https://sun9-13.userapi.com/s/v1/ig2/nZbvCoviRJ5DyfqUxm69rr2RJalREuLqVsa62zbcFyY5z_MlOAm_l7-fqLSTf31_8R3JhZwzFO5HUIqRDQavLspQ.jpg?quality=95&as=32x45,48x68,72x102,108x153,160x226,240x339,360x509,480x678,540x763,640x905,720x1018,849x1200&from=bu&u=jelkUt2DZ21OaJcSGeoz_r93mpoEHDMgjooCuvkahxI&cs=130x184'}, {'height': 283, 'type': 'p', 'width': 200, 'url': 'https://sun9-13.userapi.com/s/v1/ig2/nZbvCoviRJ5DyfqUxm69rr2RJalREuLqVsa62zbcFyY5z_MlOAm_l7-fqLSTf31_8R3JhZwzFO5HUIqRDQavLspQ.jpg?quality=95&as=32x45,48x68,72x102,108x153,160x226,240x339,360x509,480x678,540x763,640x905,720x1018,849x1200&from=bu&u=jelkUt2DZ21OaJcSGeoz_r93mpoEHDMgjooCuvkahxI&cs=200x283'}, {'height': 452, 'type': 'q', 'width': 320, 'url': 'https://sun9-13.userapi.com/s/v1/ig2/nZbvCoviRJ5DyfqUxm69rr2RJalREuLqVsa62zbcFyY5z_MlOAm_l7-fqLSTf31_8R3JhZwzFO5HUIqRDQavLspQ.jpg?quality=95&as=32x45,48x68,72x102,108x153,160x226,240x339,360x509,480x678,540x763,640x905,720x1018,849x1200&from=bu&u=jelkUt2DZ21OaJcSGeoz_r93mpoEHDMgjooCuvkahxI&cs=320x452'}, {'height': 721, 'type': 'r', 'width': 510, 'url': 'https://sun9-13.userapi.com/s/v1/ig2/nZbvCoviRJ5DyfqUxm69rr2RJalREuLqVsa62zbcFyY5z_MlOAm_l7-fqLSTf31_8R3JhZwzFO5HUIqRDQavLspQ.jpg?quality=95&as=32x45,48x68,72x102,108x153,160x226,240x339,360x509,480x678,540x763,640x905,720x1018,849x1200&from=bu&u=jelkUt2DZ21OaJcSGeoz_r93mpoEHDMgjooCuvkahxI&cs=510x721'}], 'text': '', 'user_id': 100, 'web_view_token': '1cd270b7eb3da07c35', 'orig_photo': {'height': 1200, 'type': 'base', 'url': 'https://sun9-13.userapi.com/s/v1/ig2/nZbvCoviRJ5DyfqUxm69rr2RJalREuLqVsa62zbcFyY5z_MlOAm_l7-fqLSTf31_8R3JhZwzFO5HUIqRDQavLspQ.jpg?quality=95&as=32x45,48x68,72x102,108x153,160x226,240x339,360x509,480x678,540x763,640x905,720x1018,849x1200&from=bu&u=jelkUt2DZ21OaJcSGeoz_r93mpoEHDMgjooCuvkahxI', 'width': 849}}, 'style': 'full'}]","Новости всех игровых СМИ сейчас выглядят так.

#TheWitcher4 #Ведьмак4 #CDPR #Новости@the_universe_of_the_witcher",{'count': 13285},"{'count': 208, 'user_reposted': 0}"
874799,"[{'type': 'photo', 'photo': {'album_id': 204154935, 'date': 1678218756, 'id': 457286608, 'owner_id': -15845684, 'access_key': '2a3c10a10b839aeaee', 'sizes': [{'height': 42, 'type': 's', 'width': 75, 'url': 'https://sun9-61.userapi.com/s/v1/ig2/D7Z75FNNZlD8zOSYVlVgQ0fWJfY3PcIRFphNNujNnFaLyCR9yM5rKYF-XCifGm_60ZJwrbAciaQ6-WGK5rE6KKlF.jpg?quality=95&as=32x18,48x27,72x40,108x61,160x90,240x135,360x202,480x270,540x304,640x360,720x405,1080x607,1280x720,1440x810,2048x1152&from=bu&u=Eivp91aVQZLmq70WEegDenTvOW_aNZtH7rUuRt-2jxw&cs=75x42'}, {'height': 73, 'type': 'm', 'width': 130, 'url': 'https://sun9-61.userapi.com/s/v1/ig2/D7Z75FNNZlD8zOSYVlVgQ0fWJfY3PcIRFphNNujNnFaLyCR9yM5rKYF-XCifGm_60ZJwrbAciaQ6-WGK5rE6KKlF.jpg?quality=95&as=32x18,48x27,72x40,108x61,160x90,240x135,360x202,480x270,540x304,640x360,720x405,1080x607,1280x720,1440x810,2048x1152&from=bu&u=Eivp91aVQZLmq70WEegDenTvOW_aNZtH7rUuRt-2jxw&cs=130x73'}, {'height': 340, 'type': 'x', 'width': 604, 'url': 'https://sun9-61.userapi.com/s/v1/ig2/D7Z75FNNZlD8zOSYVlVgQ0fWJfY3PcIRFphNNujNnFaLyCR9yM5rKYF-XCifGm_60ZJwrbAciaQ6-WGK5rE6KKlF.jpg?quality=95&as=32x18,48x27,72x40,108x61,160x90,240x135,360x202,480x270,540x304,640x360,720x405,1080x607,1280x720,1440x810,2048x1152&from=bu&u=Eivp91aVQZLmq70WEegDenTvOW_aNZtH7rUuRt-2jxw&cs=604x340'}, {'height': 454, 'type': 'y', 'width': 807, 'url': 'https://sun9-61.userapi.com/s/v1/ig2/D7Z75FNNZlD8zOSYVlVgQ0fWJfY3PcIRFphNNujNnFaLyCR9yM5rKYF-XCifGm_60ZJwrbAciaQ6-WGK5rE6KKlF.jpg?quality=95&as=32x18,48x27,72x40,108x61,160x90,240x135,360x202,480x270,540x304,640x360,720x405,1080x607,1280x720,1440x810,2048x1152&from=bu&u=Eivp91aVQZLmq70WEegDenTvOW_aNZtH7rUuRt-2jxw&cs=807x454'}, {'height': 720, 'type': 'z', 'width': 1280, 'url': 'https://sun9-61.userapi.com/s/v1/ig2/D7Z75FNNZlD8zOSYVlVgQ0fWJfY3PcIRFphNNujNnFaLyCR9yM5rKYF-XCifGm_60ZJwrbAciaQ6-WGK5rE6KKlF.jpg?quality=95&as=32x18,48x27,72x40,108x61,160x90,240x135,360x202,480x270,540x304,640x360,720x405,1080x607,1280x720,1440x810,2048x1152&from=bu&u=Eivp91aVQZLmq70WEegDenTvOW_aNZtH7rUuRt-2jxw&cs=1280x720'}, {'height': 1152, 'type': 'w', 'width': 2048, 'url': 'https://sun9-61.userapi.com/s/v1/ig2/D7Z75FNNZlD8zOSYVlVgQ0fWJfY3PcIRFphNNujNnFaLyCR9yM5rKYF-XCifGm_60ZJwrbAciaQ6-WGK5rE6KKlF.jpg?quality=95&as=32x18,48x27,72x40,108x61,160x90,240x135,360x202,480x270,540x304,640x360,720x405,1080x607,1280x720,1440x810,2048x1152&from=bu&u=Eivp91aVQZLmq70WEegDenTvOW_aNZtH7rUuRt-2jxw&cs=2048x1152'}, {'height': 87, 'type': 'o', 'width': 130, 'url': 'https://sun9-61.userapi.com/s/v1/ig2/D7Z75FNNZlD8zOSYVlVgQ0fWJfY3PcIRFphNNujNnFaLyCR9yM5rKYF-XCifGm_60ZJwrbAciaQ6-WGK5rE6KKlF.jpg?quality=95&as=32x18,48x27,72x40,108x61,160x90,240x135,360x202,480x270,540x304,640x360,720x405,1080x607,1280x720,1440x810,2048x1152&from=bu&u=Eivp91aVQZLmq70WEegDenTvOW_aNZtH7rUuRt-2jxw&cs=130x87'}, {'height': 133, 'type': 'p', 'width': 200, 'url': 'https://sun9-61.userapi.com/s/v1/ig2/D7Z75FNNZlD8zOSYVlVgQ0fWJfY3PcIRFphNNujNnFaLyCR9yM5rKYF-XCifGm_60ZJwrbAciaQ6-WGK5rE6KKlF.jpg?quality=95&as=32x18,48x27,72x40,108x61,160x90,240x135,360x202,480x270,540x304,640x360,720x405,1080x607,1280x720,1440x810,2048x1152&from=bu&u=Eivp91aVQZLmq70WEegDenTvOW_aNZtH7rUuRt-2jxw&cs=200x133'}, {'height': 213, 'type': 'q', 'width': 320, 'url': 'https://sun9-61.userapi.com/s/v1/ig2/D7Z75FNNZlD8zOSYVlVgQ0fWJfY3PcIRFphNNujNnFaLyCR9yM5rKYF-XCifGm_60ZJwrbAciaQ6-WGK5rE6KKlF.jpg?quality=95&as=32x18,48x27,72x40,108x61,160x90,240x135,360x202,480x270,540x304,640x360,720x405,1080x607,1280x720,1440x810,2048x1152&from=bu&u=Eivp91aVQZLmq70WEegDenTvOW_aNZtH7rUuRt-2jxw&cs=320x213'}, {'height': 340, 'type': 'r', 'width': 510, 'url': 'https://sun9-61.userapi.com/s/v1/ig2/D7Z75FNNZlD8zOSYVlVgQ0fWJfY3PcIRFphNNujNnFaLyCR9yM5rKYF-XCifGm_60ZJwrbAciaQ6-WGK5rE6KKlF.jpg?quality=95&as=32x18,48x27,72x40,108x61,160x90,240x135,360x202,480x270,540x304,640x360,720x405,1080x607,1280x720,1440x810,2048x1152&from=bu&u=Eivp91aVQZLmq70WEegDenTvOW_aNZtH7rUuRt-2jxw&cs=510x340'}], 'text': '', 'user_id': 63109338, 'web_view_token': '8cb61ebb59a315d57d', 'orig_photo': {'height': 1152, 'type': 'base', 'url': 'https://sun9-61.userapi.com/s/v1/ig2/D7Z75FNNZlD8zOSYVlVgQ0fWJfY3PcIRFphNNujNnFaLyCR9yM5rKYF-XCifGm_60ZJwrbAciaQ6-WGK5rE6KKlF.jpg?quality=95&as=32x18,48x27,72x40,108x61,160x90,240x135,360x202,480x270,540x304,640x360,720x405,1080x607,1280x720,1440x810,2048x1152&from=bu&u=Eivp91aVQZLmq70WEegDenTvOW_aNZtH7rUuRt-2jxw', 'width': 2048}}, 'style': 'full'}, {'type': 'audio', 'audio': {'artist': 'Sonya Belousova, Giona Ostinelli', 'id': 456245238, 'owner_id': 2000495648, 'title': ""It's an Ultimatum"", 'duration': 235, 'access_key': 'd0ac94f39da61b5efe', 'ads': {'content_id': '2000495648_456245238', 'duration': '235', 'account_age_type': '3', 'puid22': '7'}, 'is_explicit': False, 'is_licensed': True, 'url': 'https://cs9-13v4.vkuseraudio.net/s/v1/ac/JmksuQ8-62rggW1Io9h2gynWNCX5BQ9Ob1L3xWbygohc_yKHkbT42ljQ0DP5t1cEETXTEZPIMtXyPB7qz1mNi1TGyVEgKX0bSyZ_c-OFPS0FTF91-m23_o4zIzAxSrEtJmSDAin26t0BXouuHajhw4cBPCtZMwWbC-gFJtY6F5-c4gI/index.m3u8?siren=1', 'date': 1733848422, 'album_id': 2, 'short_videos_allowed': False, 'stories_allowed': False, 'stories_cover_allowed': False, 'release_audio_id': '-2001578066_61578066'}, 'style': 'on_media'}]","Любовь освещает, но отбрасывает длинные тени.

— Сериал «Ведьмак» от Netflix, Король Фольтест, 1 сезон 3 серия.

#Ведьмак3 #TheWitcher3 #Арт@the_universe_of_the_witcher",{'count': 9415},"{'count': 4, 'user_reposted': 0}"
874711,"[{'type': 'photo', 'photo': {'album_id': -7, 'date': 1734353743, 'id': 457293177, 'owner_id': -15845684, 'access_key': '48e9f1536708349f04', 'post_id': 874683, 'sizes': [{'height': 75, 'type': 's', 'width': 50, 'url': 'https://sun9-7.userapi.com/s/v1/ig2/or01_UOCgTr09YWRHptwUa5Eu2D6scdn8BhiKtuEtsSZhzSXFJgscNjTvxtZEgjVToCW5MLklEttkZ-0zVRy2vn0.jpg?quality=95&as=32x48,48x72,72x108,108x162,160x240,240x360,360x540,480x720,540x810,600x900&from=bu&u=NoTkSTpwyeyjD7Z0I2e-tS7W37cakKRypicN8gHQuqo&cs=50x75'}, {'height': 130, 'type': 'm', 'width': 87, 'url': 'https://sun9-7.userapi.com/s/v1/ig2/or01_UOCgTr09YWRHptwUa5Eu2D6scdn8BhiKtuEtsSZhzSXFJgscNjTvxtZEgjVToCW5MLklEttkZ-0zVRy2vn0.jpg?quality=95&as=32x48,48x72,72x108,108x162,160x240,240x360,360x540,480x720,540x810,600x900&from=bu&u=NoTkSTpwyeyjD7Z0I2e-tS7W37cakKRypicN8gHQuqo&cs=87x130'}, {'height': 604, 'type': 'x', 'width': 403, 'url': 'https://sun9-7.userapi.com/s/v1/ig2/or01_UOCgTr09YWRHptwUa5Eu2D6scdn8BhiKtuEtsSZhzSXFJgscNjTvxtZEgjVToCW5MLklEttkZ-0zVRy2vn0.jpg?quality=95&as=32x48,48x72,72x108,108x162,160x240,240x360,360x540,480x720,540x810,600x900&from=bu&u=NoTkSTpwyeyjD7Z0I2e-tS7W37cakKRypicN8gHQuqo&cs=403x604'}, {'height': 807, 'type': 'y', 'width': 538, 'url': 'https://sun9-7.userapi.com/s/v1/ig2/or01_UOCgTr09YWRHptwUa5Eu2D6scdn8BhiKtuEtsSZhzSXFJgscNjTvxtZEgjVToCW5MLklEttkZ-0zVRy2vn0.jpg?quality=95&as=32x48,48x72,72x108,108x162,160x240,240x360,360x540,480x720,540x810,600x900&from=bu&u=NoTkSTpwyeyjD7Z0I2e-tS7W37cakKRypicN8gHQuqo&cs=538x807'}, {'height': 900, 'type': 'z', 'width': 600, 'url': 'https://sun9-7.userapi.com/s/v1/ig2/or01_UOCgTr09YWRHptwUa5Eu2D6scdn8BhiKtuEtsSZhzSXFJgscNjTvxtZEgjVToCW5MLklEttkZ-0zVRy2vn0.jpg?quality=95&as=32x48,48x72,72x108,108x162,160x240,240x360,360x540,480x720,540x810,600x900&from=bu&u=NoTkSTpwyeyjD7Z0I2e-tS7W37cakKRypicN8gHQuqo&cs=600x900'}, {'height': 195, 'type': 'o', 'width': 130, 'url': 'https://sun9-7.userapi.com/s/v1/ig2/or01_UOCgTr09YWRHptwUa5Eu2D6scdn8BhiKtuEtsSZhzSXFJgscNjTvxtZEgjVToCW5MLklEttkZ-0zVRy2vn0.jpg?quality=95&as=32x48,48x72,72x108,108x162,160x240,240x360,360x540,480x720,540x810,600x900&from=bu&u=NoTkSTpwyeyjD7Z0I2e-tS7W37cakKRypicN8gHQuqo&cs=130x195'}, {'height': 300, 'type': 'p', 'width': 200, 'url': 'https://sun9-7.userapi.com/s/v1/ig2/or01_UOCgTr09YWRHptwUa5Eu2D6scdn8BhiKtuEtsSZhzSXFJgscNjTvxtZEgjVToCW5MLklEttkZ-0zVRy2vn0.jpg?quality=95&as=32x48,48x72,72x108,108x162,160x240,240x360,360x540,480x720,540x810,600x900&from=bu&u=NoTkSTpwyeyjD7Z0I2e-tS7W37cakKRypicN8gHQuqo&cs=200x300'}, {'height': 480, 'type': 'q', 'width': 320, 'url': 'https://sun9-7.userapi.com/s/v1/ig2/or01_UOCgTr09YWRHptwUa5Eu2D6scdn8BhiKtuEtsSZhzSXFJgscNjTvxtZEgjVToCW5MLklEttkZ-0zVRy2vn0.jpg?quality=95&as=32x48,48x72,72x108,108x162,160x240,240x360,360x540,480x720,540x810,600x900&from=bu&u=NoTkSTpwyeyjD7Z0I2e-tS7W37cakKRypicN8gHQuqo&cs=320x480'}, {'height': 765, 'type': 'r', 'width': 510, 'url': 'https://sun9-7.userapi.com/s/v1/ig2/or01_UOCgTr09YWRHptwUa5Eu2D6scdn8BhiKtuEtsSZhzSXFJgscNjTvxtZEgjVToCW5MLklEttkZ-0zVRy2vn0.jpg?quality=95&as=32x48,48x72,72x108,108x162,160x240,240x360,360x540,480x720,540x810,600x900&from=bu&u=NoTkSTpwyeyjD7Z0I2e-tS7W37cakKRypicN8gHQuqo&cs=510x765'}], 'text': '', 'user_id': 100, 'web_view_token': '1ae927540aa1637d67', 'orig_photo': {'height': 900, 'type': 'base', 'url': 'https://sun9-7.userapi.com/s/v1/ig2/or01_UOCgTr09YWRHptwUa5Eu2D6scdn8BhiKtuEtsSZhzSXFJgscNjTvxtZEgjVToCW5MLklEttkZ-0zVRy2vn0.jpg?quality=95&as=32x48,48x72,72x108,108x162,160x240,240x360,360x540,480x720,540x810,600x900&from=bu&u=NoTkSTpwyeyjD7Z0I2e-tS7W37cakKRypicN8gHQuqo', 'width': 600}}, 'style': 'full'}]","CDPR открыли предзаказы на медальон «Школы Рыси»

Мелькнувший на первом постере и на шее рыси медальон можно приобрести на их сайте. Стоимость — 40 евро. Отправка начнется с апреля.

#TheWitcher4 #Ведьмак4 #CDPR #Новости@the_universe_of_the_witcher",{'count': 17151},"{'count': 102, 'user_reposted': 0}"
874680,"[{'type': 'link', 'link': {'url': 'https://www.youtube.com/watch?v=l1Bek1Rf2dY&ab_channel=%D0%94%D0%95%D0%9D%D0%98%D0%A1%D0%98%D0%93%D0%A0%D0%90%D0%95%D0%A2', 'caption': 'www.youtube.com', 'is_favorite': False, 'photo': {'album_id': -27, 'date': 1734295173, 'id': 457525715, 'owner_id': 2000041285, 'sizes': [{'height': 35, 'type': 's', 'width': 75, 'url': 'https://sun9-44.userapi.com/impg/3-GPxz4xFtCIkLu10b6cVNJzmh-yWHeVsUehBw/UNC05BeFhek.jpg?size=75x35&quality=96&crop=11,0,514,240&sign=ac211cde63991734f3ee871031d07b61&c_uniq_tag=7LGrNDpSZibx9j0whFaA2O1kdjQXcvbHfMk5CJoJcdo&type=share'}, {'height': 80, 'type': 'm', 'width': 130, 'url': 'https://sun9-44.userapi.com/impg/3-GPxz4xFtCIkLu10b6cVNJzmh-yWHeVsUehBw/UNC05BeFhek.jpg?size=130x80&quality=96&crop=73,0,390,240&sign=b27918e780643a944ff9878b737cd25b&c_uniq_tag=ysIjUwCobMir_JxRxEIw_X-4iWn7g_r5Wen8QZhEm4I&type=share'}, {'height': 80, 'type': 'x', 'width': 150, 'url': 'https://sun9-44.userapi.com/impg/3-GPxz4xFtCIkLu10b6cVNJzmh-yWHeVsUehBw/UNC05BeFhek.jpg?size=150x80&quality=96&crop=43,0,450,240&sign=37d56d5ea0ca17db9be85301ca28023a&c_uniq_tag=OsZSnuKXMzsIicXMeY4YSzhUnSTVgbBa35yknXVLwng&type=share'}, {'height': 480, 'type': 'y', 'width': 640, 'url': 'https://sun9-25.userapi.com/Zi08zM8sp-Kbondw8lk0eqcydTZv6BdGPGcNOA/As0uj-GNnt0.jpg'}, {'height': 98, 'type': 'o', 'width': 130, 'url': 'https://sun9-65.userapi.com/pAH_s6_LNU0QvnH2kKvJqjboFHJfcBvUhsHwiQ/ScJMcVHR_Zw.jpg'}, {'height': 140, 'type': 'p', 'width': 260, 'url': 'https://sun9-44.userapi.com/impg/3-GPxz4xFtCIkLu10b6cVNJzmh-yWHeVsUehBw/UNC05BeFhek.jpg?size=260x140&quality=96&crop=45,0,446,240&sign=e27fb548f5dfd4dad890ed6cda4c119c&c_uniq_tag=fNEEzEnUxesvjAn0j1ASClIUbhXr68ipCRaicmdVjC0&type=share'}, {'height': 240, 'type': 'q', 'width': 320, 'url': 'https://sun9-38.userapi.com/_hv_q3CgT81vPZf1TmgldWsxFWmGa01gKlVE0Q/B4RsYkNoXBI.jpg'}, {'height': 383, 'type': 'r', 'width': 510, 'url': 'https://sun9-48.userapi.com/lUdTvA0IlVQMxilrU0dOZST5DAQZaA8rlWEDJQ/PvMlSGDU6dE.jpg'}, {'height': 240, 'type': 'l', 'width': 537, 'url': 'https://sun9-44.userapi.com/impg/3-GPxz4xFtCIkLu10b6cVNJzmh-yWHeVsUehBw/UNC05BeFhek.jpg?size=537x240&quality=96&sign=915858b7fc1109136e0c9687bb776c03&c_uniq_tag=FnJoAn9sHUPgNEqqrbz-HZfyMJGlOXjo4d9cdDJI48k&type=share'}], 'text': '', 'user_id': 100, 'web_view_token': '2b7539af85b3993dfe'}, 'title': 'ЦИРИ ВАС ПОРВАЛА: Разбираю хейт Ведьмака 4', 'target': 'internal'}, 'style': 'full'}]",#TheWitcher4 #Ведьмак4 #CDPR #ПартнерскийМатериал@the_universe_of_the_witcher,{'count': 6857},"{'count': 8, 'user_reposted': 0}"
